t,x,g_raw,g_ratio,alpha,gamma,loss,acc
0,1.6409281552745545,3.1439767131928287,1.011262168805439,100.0,0.015308697707951069,1.6998887062072754,0.0
1,0.04657024932063152,3.145103615761298,1.0105618039590103,100.0,0.015308697707951069,1.956534743309021,0.0
2,0.037376319449220666,3.1456431920833636,1.0102256676027805,100.0,0.015308697707951069,2.29860782623291,0.0
3,0.031077919251167704,3.145145347457696,1.0105338728533648,100.0,0.015308697707951069,1.9687514305114746,0.0
4,0.0401416086867132,3.1454979190333514,1.0103146659602495,100.0,0.015308697707951069,2.14351749420166,0.0
5,0.03540945340504339,3.1451499966103302,1.0105287624984054,100.0,0.015308697707951069,2.1429078578948975,0.0
6,0.03207061565699288,3.145703661746771,1.010187452415153,100.0,0.015308697707951069,2.2429401874542236,0.0
7,0.04078260724799111,3.1452967506823764,1.0104395101484849,100.0,0.015308697707951069,2.305738925933838,0.0
8,0.03195626642732758,3.145915874340387,1.0100559852114421,100.0,0.015308697707951069,2.293257474899292,0.0
9,0.039167614569017434,3.145332411340973,1.0104187435144212,100.0,0.015308697707951069,2.1568663120269775,0.0
10,0.033962818290092345,3.1452729076316626,1.0104555969650806,100.0,0.015308697707951069,2.036140203475952,0.0
11,0.03383401124464903,3.145384571155265,1.01038668233619,100.0,0.015308697707951069,2.1677165031433105,0.0
12,0.03259917840343692,3.144691187674264,1.0108145892955311,100.0,0.015308697707951069,1.851714849472046,0.0
13,0.0411696149615458,3.1458015596125364,1.0101271001662417,100.0,0.015308697707951069,2.3076066970825195,0.0
14,0.04204560461715811,3.145441655800241,1.0103510143543744,100.0,0.015308697707951069,2.1118741035461426,0.0
15,0.03687527430701302,3.145919898471135,1.0100559051575475,100.0,0.015308697707951069,2.19254207611084,0.0
16,0.027980954607960906,3.1462275074636654,1.009865161272958,100.0,0.015308697707951069,2.5338144302368164,0.0
17,0.028844758226268787,3.145533675140325,1.0102927960577495,100.0,0.015308697707951069,2.1378135681152344,0.0
18,0.03331501513973778,3.1453515454600867,1.0104028645389602,100.0,0.015308697707951069,2.1658780574798584,0.0
19,0.0401734073683181,3.145478370442424,1.0103298837450232,100.0,0.015308697707951069,2.05076265335083,0.0
20,0.04095716422913745,3.145324018281737,1.0104247525362162,100.0,0.015308697707951069,2.2388038635253906,0.0
21,0.0351544830721041,3.145270635524648,1.0104548327716483,100.0,0.015308697707951069,1.947081446647644,0.0
22,0.04020195555315603,3.146225666074157,1.0098643859059433,100.0,0.015308697707951069,2.3677473068237305,0.0
23,0.03363231275335679,3.145722283315419,1.010175637013434,100.0,0.015308697707951069,2.1721158027648926,0.0
24,0.037328575754998365,3.1453582616813924,1.010403931661548,100.0,0.015308697707951069,2.085907220840454,0.0
25,0.03378844785544109,3.1456704150242727,1.0102077336867799,100.0,0.015308697707951069,2.0527093410491943,0.0
26,0.03605632443191446,3.145590274652744,1.0102566249961697,100.0,0.015308697707951069,2.20938777923584,0.0
27,0.0346164178369862,3.145498678580845,1.0103140024637893,100.0,0.015308697707951069,2.2283711433410645,0.0
28,0.03245634994332461,3.1454775772910812,1.0103256046968774,100.0,0.015308697707951069,2.1566689014434814,0.0
29,0.034201026938132865,3.1460456102469507,1.0099749577140065,100.0,0.015308697707951069,2.3485748767852783,0.0
30,0.036335258479241975,3.1457548934279798,1.010155963820932,100.0,0.015308697707951069,2.121837615966797,0.0
31,0.04008837936885125,3.145801202373353,1.0101278654757007,100.0,0.015308697707951069,2.0762696266174316,0.0
32,0.03766464745218745,3.1451444997162503,1.0105355221327608,100.0,0.015308697707951069,2.1628825664520264,0.0
33,0.040012351278057974,3.1453977735094862,1.0103800583175715,100.0,0.015308697707951069,2.0242581367492676,0.0
34,0.03625002400128789,3.145722837721695,1.0101758372090037,100.0,0.015308697707951069,2.1090879440307617,0.0
35,0.04247890931535411,3.146029384427205,1.0099860887915615,100.0,0.015308697707951069,2.264313220977783,0.0
36,0.039646399837803666,3.1457363716863393,1.0101684183659265,100.0,0.015308697707951069,2.150527000427246,0.0
37,0.04116035505158608,3.1451793371050587,1.0105160147141992,100.0,0.015308697707951069,1.9918510913848877,0.0
38,0.042808923142743587,3.146186400106229,1.00988974662491,100.0,0.015308697707951069,2.3662467002868652,0.0
39,0.031140503488382494,3.1453672524991756,1.0103946870021023,100.0,0.015308697707951069,2.0728883743286133,0.0
40,0.03618314629539414,3.145197862251359,1.010504544290407,100.0,0.015308697707951069,1.9944889545440674,0.0
41,0.04144720596171058,3.1457680287759393,1.0101501425677972,100.0,0.015308697707951069,2.130815267562866,0.0
42,0.03365400687824228,3.1451892550931584,1.010508599993982,100.0,0.015308697707951069,1.9942598342895508,0.0
43,0.03896031871299462,3.1463940273943183,1.009759698319619,100.0,0.015308697707951069,2.471825122833252,0.0
44,0.028284089492221665,3.145155780570803,1.0105261728065091,100.0,0.015308697707951069,1.975792407989502,0.0
45,0.035041578106542084,3.1457978839922607,1.0101279524891502,100.0,0.015308697707951069,2.3815553188323975,0.0
46,0.0398005543959508,3.14569680997933,1.010192796950697,100.0,0.015308697707951069,2.0378334522247314,0.0
47,0.03834661292147693,3.1460280418303594,1.0099856688979814,100.0,0.015308697707951069,2.114976406097412,0.0
48,0.03217506404269846,3.146242934747571,1.009851123075847,100.0,0.015308697707951069,2.3789799213409424,0.0
49,0.035423947259904665,3.145046894922765,1.0105953567850017,100.0,0.015308697707951069,2.045257568359375,0.0
50,0.03978734837925953,3.145302243810216,1.0104395447508847,100.0,0.015308697707951069,1.9952131509780884,0.0
51,0.02959789801315563,3.1457185693379612,1.010178801079822,100.0,0.015308697707951069,2.2706167697906494,0.0
52,0.03865487513113598,3.1452888259490677,1.0104442895933947,100.0,0.015308697707951069,2.1354289054870605,0.0
53,0.032684531581251626,3.1457410265940404,1.0101622852610954,100.0,0.015308697707951069,2.2688355445861816,0.0
54,0.03647047373717295,3.1457369330135463,1.0101696111212177,100.0,0.015308697707951069,2.120405673980713,0.0
55,0.03914191353734907,3.144655261670869,1.0108416174561534,100.0,0.015308697707951069,1.9469937086105347,0.0
56,0.03588230072581079,3.1450839776392883,1.010576116909849,100.0,0.015308697707951069,2.0722289085388184,0.0
57,0.035299536179557583,3.145261207314242,1.010462073037468,100.0,0.015308697707951069,1.982470989227295,0.0
58,0.03143329940012026,3.1459048366238673,1.0100609802798601,100.0,0.015308697707951069,2.188474655151367,0.0
59,0.03363063567688802,3.1448465234345995,1.0107176524259354,100.0,0.015308697707951069,1.8850079774856567,0.0
60,0.03875845272095784,3.1463305638248777,1.0097990593061263,100.0,0.015308697707951069,2.4442553520202637,0.0
61,0.03491151252020117,3.1459313861787863,1.0100460223399927,100.0,0.015308697707951069,2.2171378135681152,0.0
62,0.035083424250645576,3.145399323277598,1.0103748417715854,100.0,0.015308697707951069,2.0443036556243896,0.0
63,0.036059082750810205,3.1451585169562954,1.0105283184190441,100.0,0.015308697707951069,2.0424575805664062,0.0
64,0.03685053003544041,3.1453145154695794,1.01043082372039,100.0,0.015308697707951069,2.177563190460205,0.0
65,0.03695017721805846,3.145903135046034,1.0100646876146444,100.0,0.015308697707951069,2.302424907684326,0.0
66,0.033258234710951635,3.145588675424933,1.0102576612998428,100.0,0.015308697707951069,2.1512510776519775,0.0
67,0.03802201276763365,3.145439672090019,1.0103506693376514,100.0,0.015308697707951069,1.958730936050415,0.0
68,0.034595945550161926,3.1445304471921816,1.0109171631772895,100.0,0.015308697707951069,1.842297077178955,0.0
69,0.03820247696126488,3.145434053130493,1.010354707799483,100.0,0.015308697707951069,2.0724923610687256,0.0
70,0.037362871115635236,3.145918376947481,1.0100554330852989,100.0,0.015308697707951069,2.215045928955078,0.0
71,0.03311168607833566,3.1452523583760112,1.0104657487419706,100.0,0.015308697707951069,1.893078088760376,0.0
72,0.03862407813903252,3.145460370289377,1.0103385251973591,100.0,0.015308697707951069,1.9856353998184204,0.0
73,0.040025558049982625,3.1447083413649106,1.0108085578977266,100.0,0.015308697707951069,1.7757086753845215,0.0
74,0.034641278401486196,3.1456656302246704,1.010213954888585,100.0,0.015308697707951069,2.2618234157562256,0.0
75,0.0325817321287231,3.1452193091593084,1.0104870140842104,100.0,0.015308697707951069,1.9757254123687744,0.0
76,0.037302784017215214,3.1459009441111068,1.0100663027855898,100.0,0.015308697707951069,2.20566725730896,0.0
77,0.031003711863231403,3.1452698653436975,1.0104552356751102,100.0,0.015308697707951069,2.0316104888916016,0.0
78,0.03763056701311715,3.146058544553302,1.0099697078494227,100.0,0.015308697707951069,2.307781219482422,0.0
79,0.03770355826865547,3.1450061855101272,1.0106220902718237,100.0,0.015308697707951069,2.0202932357788086,0.0
80,0.030629466832437655,3.1453291581970624,1.010421219922539,100.0,0.015308697707951069,2.2422657012939453,0.0
81,0.04065871169527751,3.1450848385125423,1.0105744142512287,100.0,0.015308697707951069,2.0562796592712402,0.0
82,0.032762444765906694,3.1448276926668153,1.0107323213624337,100.0,0.015308697707951069,1.9597704410552979,0.0
83,0.036538826273215,3.1445048330005245,1.0109338623687247,100.0,0.015308697707951069,1.9092077016830444,0.0
84,0.03357915743384503,3.14540683575811,1.0103729598202866,100.0,0.015308697707951069,2.2084813117980957,0.0
85,0.02332179724997587,3.1457150852123754,1.0101780677476153,100.0,0.015308697707951069,2.2747278213500977,0.0
86,0.036115726525372885,3.1454730907461426,1.0103322387254488,100.0,0.015308697707951069,2.011960983276367,0.0
87,0.03462478347586605,3.145366655299569,1.0103964870675783,100.0,0.015308697707951069,2.0735411643981934,0.0
88,0.04062162188744044,3.1450719282850037,1.0105824825589693,100.0,0.015308697707951069,2.050203800201416,0.0
89,0.0319586308917904,3.1453152585163746,1.0104278814458694,100.0,0.015308697707951069,2.177846908569336,0.0
90,0.04228636874596668,3.146038429217976,1.0099816343554948,100.0,0.015308697707951069,2.3044559955596924,0.0
91,0.03171091488339166,3.1456350065131566,1.0102283750931857,100.0,0.015308697707951069,2.206801414489746,0.0
92,0.037492676823056785,3.145082812712713,1.0105722208508057,100.0,0.015308697707951069,1.7899476289749146,0.0
93,0.04082790901169749,3.145212288838079,1.010496444675127,100.0,0.015308697707951069,2.1439571380615234,0.0
94,0.02610928993795906,3.1456040579633036,1.0102457073181879,100.0,0.015308697707951069,2.229078531265259,0.0
95,0.040565256814158485,3.1450515032195936,1.010595212747618,100.0,0.015308697707951069,2.041944980621338,0.0
96,0.035467216519773775,3.1453935787758653,1.0103821481685422,100.0,0.015308697707951069,2.075057029724121,0.0
97,0.023218171735754318,3.1456830948718078,1.0101979971473942,100.0,0.015308697707951069,2.259830951690674,0.0
98,0.027754673590187042,3.145736207126559,1.010166870149447,100.0,0.015308697707951069,2.2923583984375,0.0
99,0.03713601143823336,3.1452991235637895,1.0104408891220527,100.0,0.015308697707951069,2.075669765472412,0.0
100,0.02676490676077693,3.145717908863007,1.010180883845467,100.0,0.015308697707951069,2.2764153480529785,0.0
101,0.030997570410184378,3.145244107534446,1.0104751247870416,100.0,0.015308697707951069,2.137906789779663,0.0
102,0.03651834308545229,3.1452169395346097,1.0104916951113756,100.0,0.015308697707951069,2.137843370437622,0.0
103,0.030525202255827368,3.145527026769579,1.0102957723550758,100.0,0.015308697707951069,1.998671293258667,0.0
104,0.026686141229826862,3.1456792788637564,1.0102049756078626,100.0,0.015308697707951069,2.256190776824951,0.0
105,0.030431472799176105,3.1458432409895587,1.0100998411783988,100.0,0.015308697707951069,2.332460880279541,0.0
106,0.02587356697445144,3.1456657808898987,1.0102093549350641,100.0,0.015308697707951069,2.2129859924316406,0.0
107,0.02998105750903386,3.145709643272078,1.0101834499185527,100.0,0.015308697707951069,2.2403597831726074,0.0
108,0.030741034196878615,3.144986320015238,1.0106342129751407,100.0,0.015308697707951069,2.0414392948150635,0.0
109,0.03346362720841497,3.145518201836057,1.010302473004426,100.0,0.015308697707951069,1.989653468132019,0.0
110,0.036651611499538626,3.1453270407224685,1.0104224729383373,100.0,0.015308697707951069,2.1394731998443604,0.0
111,0.022814576819159153,3.145646005835997,1.0102234761230315,100.0,0.015308697707951069,2.1970150470733643,0.0
112,0.03225087645957121,3.1456083596118427,1.0102449134458502,100.0,0.015308697707951069,2.2069060802459717,0.0
113,0.03631897910311299,3.145621710334865,1.0102421612232928,100.0,0.015308697707951069,2.104600191116333,0.0
114,0.03498002622400903,3.1460034622711937,1.0100005643098235,100.0,0.015308697707951069,2.2785849571228027,0.0
115,0.032612074009541976,3.144762685502786,1.0107730744331216,100.0,0.015308697707951069,1.934997320175171,0.0
116,0.03623294056954667,3.146016244174777,1.0099923008950473,100.0,0.015308697707951069,2.420440196990967,0.0
117,0.035981775536060204,3.145425622367374,1.0103591821372724,100.0,0.015308697707951069,1.9848531484603882,0.0
118,0.03491696863239166,3.145978257183219,1.0100162543701359,100.0,0.015308697707951069,2.2694239616394043,0.0
119,0.03871049051685053,3.1453719198485754,1.010394239106097,100.0,0.015308697707951069,2.209500312805176,0.0
120,0.03443097780054918,3.1458104846889987,1.0101213340398865,100.0,0.015308697707951069,2.163170337677002,0.0
121,0.040360933763520956,3.145935128787411,1.010048191676566,100.0,0.015308697707951069,2.12241792678833,0.0
122,0.029234743536482696,3.1444980886785387,1.01093432156105,100.0,0.015308697707951069,1.827802300453186,0.0
123,0.03723308043300688,3.1456837952901364,1.0101994436020072,100.0,0.015308697707951069,2.2915029525756836,0.0
124,0.028761724965800244,3.1457389398026625,1.0101633199965956,100.0,0.015308697707951069,2.16550874710083,0.0
125,0.03305286051997722,3.14581857578722,1.0101187618620318,100.0,0.015308697707951069,2.32322096824646,0.0
126,0.03541580334851427,3.145688893770575,1.010194990540175,100.0,0.015308697707951069,2.1979737281799316,0.0
127,0.03143126923441903,3.1460694487645813,1.009961151194597,100.0,0.015308697707951069,2.2020297050476074,0.0
128,0.040366483863808415,3.145914779285707,1.0100578884697164,100.0,0.015308697707951069,2.1922898292541504,0.0
129,0.03891236710654389,3.1452053382915253,1.0104960402297107,100.0,0.015308697707951069,2.1305575370788574,0.0
130,0.04051754413536123,3.145467855176554,1.0103352005398454,100.0,0.015308697707951069,2.0820627212524414,0.0
131,0.03679135096695538,3.1452797319398544,1.010450485573578,100.0,0.015308697707951069,2.096092700958252,0.0
132,0.03607760102530961,3.1458065258264476,1.0101237321128986,100.0,0.015308697707951069,2.1994895935058594,0.0
133,0.0315291878664836,3.145444620067683,1.0103479943651,100.0,0.015308697707951069,2.181835174560547,0.0
134,0.033614405443077706,3.14516544791326,1.0105253267023175,100.0,0.015308697707951069,2.0366997718811035,0.0
135,0.02808599244174551,3.14556560904398,1.01027233797604,100.0,0.015308697707951069,2.067486047744751,0.0
136,0.03584474840429556,3.145084056121709,1.0105756033824063,100.0,0.015308697707951069,2.0465149879455566,0.0
137,0.03167837676391217,3.144508985053156,1.0109287982430524,100.0,0.015308697707951069,1.913773536682129,0.0
138,0.038631886967226074,3.1454760617434867,1.0103289973554168,100.0,0.015308697707951069,2.0011398792266846,0.0
139,0.03620122902322735,3.1454474029528505,1.0103484742688895,100.0,0.015308697707951069,2.0149729251861572,0.0
140,0.04056608429892183,3.1452418678289984,1.0104744835771557,100.0,0.015308697707951069,1.8583669662475586,0.0
141,0.034349891707500406,3.1455658883764763,1.0102722323104782,100.0,0.015308697707951069,2.280329704284668,0.0
142,0.035329940165167495,3.1452209966358637,1.0104874517752556,100.0,0.015308697707951069,1.986060380935669,0.0
143,0.034742902566983286,3.1447126026813166,1.0108056194578396,100.0,0.015308697707951069,2.012322425842285,0.0
144,0.03544464836009025,3.1454710245714614,1.0103323888258098,100.0,0.015308697707951069,2.027574300765991,0.0
145,0.03082958329284641,3.145098272991233,1.0105633503503255,100.0,0.015308697707951069,2.0163121223449707,0.0
146,0.031957508463133485,3.145436559810485,1.0103539566098367,100.0,0.015308697707951069,2.2319257259368896,0.0
147,0.03574139951215914,3.145349746386762,1.0104064417554341,100.0,0.015308697707951069,1.9652537107467651,0.0
148,0.03410661945449021,3.145333400250945,1.0104164454525821,100.0,0.015308697707951069,2.1959500312805176,0.0
149,0.033786425501781715,3.1458522029578706,1.0100956336051337,100.0,0.015308697707951069,2.357219934463501,0.0
150,0.035495966505384745,3.14538432984431,1.0103843549759457,100.0,0.015308697707951069,1.9546105861663818,0.0
151,0.04026154027158662,3.1456452210521944,1.0102244704054368,100.0,0.015308697707951069,1.9488253593444824,0.0
152,0.03634860699160647,3.145640103018516,1.0102300556888837,100.0,0.015308697707951069,2.0913898944854736,0.0
153,0.02591595177834994,3.1457313513510496,1.010169703086659,100.0,0.015308697707951069,2.177820920944214,0.0
154,0.03179541624205468,3.1455916549274905,1.0102555095490726,100.0,0.015308697707951069,2.189042568206787,0.0
155,0.04221411924974112,3.1454354960608497,1.0103553533543634,100.0,0.015308697707951069,2.1111092567443848,0.0
156,0.03493651733937512,3.145605462360939,1.0102492003297154,100.0,0.015308697707951069,2.06726336479187,0.0
157,0.029207129798552212,3.1455599806092716,1.0102776223713659,100.0,0.015308697707951069,2.214801788330078,0.0
158,0.03674446940919041,3.146194525966322,1.0098844771701287,100.0,0.015308697707951069,2.2659664154052734,0.0
159,0.03438597976253391,3.1452133369013153,1.0104932794906698,100.0,0.015308697707951069,2.0659308433532715,0.0
160,0.030886715510835723,3.145021120353795,1.0106090515735409,100.0,0.015308697707951069,1.941680908203125,0.0
161,0.03410678483584278,3.14521331325777,1.0104930746700367,100.0,0.015308697707951069,2.0453414916992188,0.0
162,0.037295924163681014,3.144639344277411,1.010850890024117,100.0,0.015308697707951069,1.8627201318740845,0.0
163,0.03580170271005844,3.1457451121444846,1.0101607050592283,100.0,0.015308697707951069,2.3150553703308105,0.0
164,0.031111115126361687,3.1449633328925537,1.0106458341050457,100.0,0.015308697707951069,1.9466400146484375,0.0
165,0.039024009873137665,3.145759738486588,1.0101526259287315,100.0,0.015308697707951069,2.1449952125549316,0.0
166,0.037249146265882216,3.1452858388205196,1.0104496360772894,100.0,0.015308697707951069,2.08180570602417,0.0
167,0.03393760249834678,3.145876768793521,1.0100814735636774,100.0,0.015308697707951069,2.223191738128662,0.0
168,0.03860107647262093,3.1453104010051676,1.0104324980115078,100.0,0.015308697707951069,2.189973831176758,0.0
169,0.03369109162137734,3.145246330999033,1.0104711505110069,100.0,0.015308697707951069,2.126112699508667,0.0
170,0.03368546395774603,3.1456393621494074,1.0102282976176296,100.0,0.015308697707951069,2.1277341842651367,0.0
171,0.031506071623134395,3.1453172297604146,1.0104253113542894,100.0,0.015308697707951069,2.084751605987549,0.0
172,0.03347147980233704,3.144751146993764,1.0107775737548768,100.0,0.015308697707951069,1.805941104888916,0.0
173,0.03366343199026069,3.1455216707537192,1.0102993692906312,100.0,0.015308697707951069,2.0404622554779053,0.0
174,0.03771727922565262,3.1452285505955873,1.0104844223084417,100.0,0.015308697707951069,1.8931474685668945,0.0
175,0.037310033176205355,3.145493084602472,1.0103161495026791,100.0,0.015308697707951069,2.188601016998291,0.0
176,0.029410095741537405,3.145779306367276,1.0101418775229434,100.0,0.015308697707951069,2.30683970451355,0.0
177,0.03040960032927449,3.1453128040848544,1.0104297170465197,100.0,0.015308697707951069,2.0658907890319824,0.0
178,0.022899657750065198,3.145512463772018,1.010304639179692,100.0,0.015308697707951069,2.196397542953491,0.0
179,0.032407335726156804,3.1448819948111586,1.0106970174046257,100.0,0.015308697707951069,2.0724048614501953,0.0
180,0.032594279320221894,3.14463020422699,1.010853539744283,100.0,0.015308697707951069,1.8584150075912476,0.0
181,0.02601484022899655,3.1456134681173777,1.0102414754426314,100.0,0.015308697707951069,2.232562303543091,0.0
182,0.02781146009394633,3.145120155027157,1.0105466313451177,100.0,0.015308697707951069,2.0191028118133545,0.0
183,0.032210935121560036,3.1455828233794665,1.0102657669642303,100.0,0.015308697707951069,2.192680597305298,0.0
184,0.0357285240962923,3.144949885495022,1.010656542302141,100.0,0.015308697707951069,1.9203128814697266,0.0
185,0.03157190559945532,3.145493370633903,1.0103167165775693,100.0,0.015308697707951069,2.14363169670105,0.0
186,0.037238876109392145,3.1451647421054547,1.0105232024990898,100.0,0.015308697707951069,2.002826690673828,0.0
187,0.027979830673677562,3.1460736194969625,1.0099590566612495,100.0,0.015308697707951069,2.446324348449707,0.0
188,0.031081079150044554,3.145225225943134,1.0104872145341135,100.0,0.015308697707951069,2.140075206756592,0.0
189,0.04125604005546683,3.14578901980471,1.0101384225346546,100.0,0.015308697707951069,2.198042392730713,0.0
190,0.03179706599347554,3.145145632153614,1.0105345401379044,100.0,0.015308697707951069,1.984902024269104,0.0
191,0.03633145082136672,3.145650207866945,1.010223766286579,100.0,0.015308697707951069,2.091632843017578,0.0
192,0.028382108237994533,3.145213534982091,1.0104930282313007,100.0,0.015308697707951069,2.0400383472442627,0.0
193,0.03388269460743954,3.1458591842657575,1.0100922963976275,100.0,0.015308697707951069,2.20320463180542,0.0
194,0.03900322887387661,3.145863324217885,1.0100894412429047,100.0,0.015308697707951069,2.223022699356079,0.0
195,0.029766367504950236,3.1451717030434607,1.0105156624729443,100.0,0.015308697707951069,1.8763275146484375,0.0
196,0.038174597393588985,3.1449361587328784,1.0106643881844553,100.0,0.015308697707951069,1.9813134670257568,0.0
197,0.03607869245493979,3.1455136423396164,1.0103094725759867,100.0,0.015308697707951069,2.0742592811584473,0.0
198,0.03585500374007943,3.1452067551883487,1.0105005240867901,100.0,0.015308697707951069,2.1328864097595215,0.0
199,0.039408933181386094,3.1456755141952115,1.0102080269527185,100.0,0.015308697707951069,2.0841450691223145,0.0
200,0.03798230758141778,3.145601087101423,1.0102532586093433,100.0,0.015308697707951069,2.260359287261963,0.0
201,0.03933233314143487,3.1456480325285208,1.0102251538036604,100.0,0.015308697707951069,2.074878692626953,0.0
202,0.031820209917907974,3.1445928048470266,1.0108769953515366,100.0,0.015308697707951069,1.9392071962356567,0.0
203,0.028117666027337045,3.145329899844749,1.010419009240158,100.0,0.015308697707951069,2.1751222610473633,0.0
204,0.03257410732666069,3.1458406945271156,1.0101003263614527,100.0,0.015308697707951069,2.338149070739746,0.0
205,0.036481848270213495,3.144534945422306,1.0109153359174685,100.0,0.015308697707951069,1.9242613315582275,0.0
206,0.03197261329291389,3.145186471452716,1.0105092615005598,100.0,0.015308697707951069,2.002685070037842,0.0
207,0.034118632079284394,3.1454094176836356,1.0103671222327941,100.0,0.015308697707951069,2.1470322608947754,0.0
208,0.03306942795487115,3.145039102269328,1.0106014887142796,100.0,0.015308697707951069,2.0706186294555664,0.0
209,0.029169405320478358,3.144579542779734,1.010882619391323,100.0,0.015308697707951069,1.792731523513794,0.0
210,0.034223677091711494,3.1451609605635897,1.0105259516803626,100.0,0.015308697707951069,2.0513548851013184,0.0
211,0.03279147628024189,3.1454281784063363,1.0103580331092603,100.0,0.015308697707951069,2.096189022064209,0.0
212,0.02614841878356469,3.1458090280091984,1.0101204790044118,100.0,0.015308697707951069,2.308694839477539,0.0
213,0.03737425008919093,3.145412830818644,1.0103696275550185,100.0,0.015308697707951069,2.0885720252990723,0.0
214,0.03216492632557689,3.145127721104518,1.0105446629767287,100.0,0.015308697707951069,1.956542730331421,0.0
215,0.03087286295877929,3.145169238466685,1.0105221338119497,100.0,0.015308697707951069,2.122126579284668,0.0
216,0.037981130210564325,3.1458479981817113,1.0100978487691223,100.0,0.015308697707951069,2.063218832015991,0.0
217,0.034388045677938586,3.1453147399308485,1.010429191831257,100.0,0.015308697707951069,2.044553518295288,0.0
218,0.03675046706388713,3.1451929738957505,1.0105081324863026,100.0,0.015308697707951069,2.0036282539367676,0.0
219,0.03154833305780454,3.1454591147186157,1.0103379774814218,100.0,0.015308697707951069,2.128127098083496,0.0
220,0.034688334614840936,3.1453479173310517,1.010410063259025,100.0,0.015308697707951069,2.1304283142089844,0.0
221,0.039947562213349976,3.1448082266830766,1.0107490864987305,100.0,0.015308697707951069,1.9579699039459229,0.0
222,0.03862819485922552,3.1455166785151247,1.0103037302314624,100.0,0.015308697707951069,2.0244863033294678,0.0
223,0.03310858630477023,3.1449417127849815,1.0106603646635635,100.0,0.015308697707951069,1.9972833395004272,0.0
224,0.033075077485217715,3.1449284351435622,1.010668624711827,100.0,0.015308697707951069,1.9918508529663086,0.0
225,0.03777771407995821,3.145912156010036,1.0100595166175768,100.0,0.015308697707951069,2.1166038513183594,0.0
226,0.04161775790337294,3.1462703625922455,1.0098368925652284,100.0,0.015308697707951069,2.3225502967834473,0.0
227,0.036228861694562124,3.1456014485113175,1.010254044698191,100.0,0.015308697707951069,2.0823874473571777,0.0
228,0.03532411564848892,3.145499404245025,1.0103173273339652,100.0,0.015308697707951069,2.1304545402526855,0.0
229,0.038886010619033094,3.1451271286126143,1.0105474844795053,100.0,0.015308697707951069,2.0005619525909424,0.0
230,0.02981666358369441,3.145530691430139,1.0102939536663564,100.0,0.015308697707951069,2.2164831161499023,0.0
231,0.04030568217037899,3.1455221903877986,1.0103028309414486,100.0,0.015308697707951069,2.1546566486358643,0.0
232,0.03254340949353737,3.1456536808346445,1.010217715479035,100.0,0.015308697707951069,1.9902305603027344,0.0
233,0.0268181906220684,3.145735731650661,1.010169295877028,100.0,0.015308697707951069,2.2608511447906494,0.0
234,0.03037866677545622,3.145500322891134,1.01031490465927,100.0,0.015308697707951069,2.137050151824951,0.0
235,0.032009150451132264,3.1454772946783778,1.0103313124831264,100.0,0.015308697707951069,2.144986629486084,0.0
236,0.03783453617805705,3.146149037611113,1.0099118314383377,100.0,0.015308697707951069,2.3748793601989746,0.0
237,0.03270059527117915,3.145005246301152,1.0106227491835336,100.0,0.015308697707951069,2.0192484855651855,0.0
238,0.030853355547101547,3.145703809993531,1.0101853111707155,100.0,0.015308697707951069,2.1465985774993896,0.0
239,0.03788461417680149,3.1448337694641344,1.010728275618467,100.0,0.015308697707951069,1.928063154220581,0.0
240,0.02841956578346747,3.145151216150015,1.0105297455579483,100.0,0.015308697707951069,1.980677843093872,0.0
241,0.025320585138509943,3.145386958253494,1.0103853751229663,100.0,0.015308697707951069,2.1984684467315674,0.0
242,0.038517323734143745,3.1452929751198067,1.010443324858411,100.0,0.015308697707951069,2.185659646987915,0.0
243,0.038151581993543564,3.144949692856623,1.0106559859495379,100.0,0.015308697707951069,1.988328456878662,0.0
244,0.03696100430353955,3.1459169883087874,1.0100575992951497,100.0,0.015308697707951069,2.2549216747283936,0.0
245,0.031955103658021,3.1454340464498176,1.0103582651142726,100.0,0.015308697707951069,2.124948740005493,0.0
246,0.03765729156910714,3.1459919910495584,1.0100094637040335,100.0,0.015308697707951069,2.309532880783081,0.0
247,0.0331729092215344,3.1451559949664816,1.01052647447814,100.0,0.015308697707951069,2.035860538482666,0.0
248,0.023184585063611218,3.1458247544332334,1.010112101207928,100.0,0.015308697707951069,2.3047397136688232,0.0
249,0.030830263102568006,3.1450227419751164,1.010608436569996,100.0,0.015308697707951069,1.9397869110107422,0.0
250,0.03291279950059893,3.1456617475626425,1.0102150624964634,100.0,0.015308697707951069,2.2302322387695312,0.0
251,0.03964068249609347,3.1459542309832966,1.0100333198367963,100.0,0.015308697707951069,2.0231857299804688,0.0
252,0.03603216151568861,3.145640546692089,1.0102310581814542,100.0,0.015308697707951069,2.1233959197998047,0.0
253,0.04038970412956663,3.1454368475024292,1.010354840771471,100.0,0.015308697707951069,2.091559886932373,0.0
254,0.03411719149025461,3.145428757375974,1.0103549334569444,100.0,0.015308697707951069,2.1516523361206055,0.0
255,0.03263501410907763,3.145429544644668,1.01035721926175,100.0,0.015308697707951069,2.100428342819214,0.0
256,0.02798873045244576,3.1453649350019663,1.0103945371136254,100.0,0.015308697707951069,2.0922188758850098,0.0
257,0.03372719699896105,3.1449723608035347,1.0106417220503718,100.0,0.015308697707951069,1.8843576908111572,0.0
258,0.034463094770305486,3.1454334719216974,1.010356326931194,100.0,0.015308697707951069,2.1426336765289307,0.0
259,0.04107592608809105,3.1457879071673016,1.010135933353248,100.0,0.015308697707951069,2.280514717102051,0.0
260,0.028230847803116955,3.144986188800969,1.0106308384682332,100.0,0.015308697707951069,1.9361827373504639,0.0
261,0.03738876719452226,3.145642842933312,1.01022555453569,100.0,0.015308697707951069,2.3299999237060547,0.0
262,0.03222512653698185,3.1453347333981787,1.010416674626729,100.0,0.015308697707951069,2.022385835647583,0.0
263,0.022267905125916126,3.1455277000443034,1.010296601477486,100.0,0.015308697707951069,2.1457977294921875,0.0
264,0.0373125791605769,3.1453424999914326,1.0104148213121265,100.0,0.015308697707951069,2.1201395988464355,0.0
265,0.029699584904052365,3.1453405782430406,1.0104115652122174,100.0,0.015308697707951069,1.9319359064102173,0.0
266,0.03368950348225673,3.145631727459155,1.010232156977519,100.0,0.015308697707951069,2.084688901901245,0.0
267,0.03136003369720965,3.145772054925005,1.0101481142537452,100.0,0.015308697707951069,2.173994779586792,0.0
268,0.03737306211211134,3.1446591083622804,1.010838751756572,100.0,0.015308697707951069,1.8796494007110596,0.0
269,0.04145449206670671,3.145459981569688,1.0103405320200192,100.0,0.015308697707951069,2.270364284515381,0.0
270,0.03415486355211558,3.1452980750858885,1.0104412294233847,100.0,0.015308697707951069,2.073887825012207,0.0
271,0.036512877663025106,3.144553899235964,1.0109036248760177,100.0,0.015308697707951069,1.93399977684021,0.0
272,0.022012639406046988,3.145369568547927,1.010394424161553,100.0,0.015308697707951069,2.0920591354370117,0.0
273,0.029058895683252203,3.1453668053614563,1.0103962665113317,100.0,0.015308697707951069,2.101438522338867,0.0
274,0.04142330270066159,3.145453108729045,1.010344774073673,100.0,0.015308697707951069,2.267177104949951,0.0
275,0.035596757535291235,3.145922441465325,1.010054718078834,100.0,0.015308697707951069,2.130133628845215,0.0
276,0.028114739570429086,3.145371185222505,1.010393814379611,100.0,0.015308697707951069,2.1769614219665527,0.0
277,0.02899354536779273,3.1455220607707663,1.0103016493517656,100.0,0.015308697707951069,2.18057918548584,0.0
278,0.024336526196727916,3.1450804242868493,1.010573091930396,100.0,0.015308697707951069,1.9441406726837158,0.0
279,0.03321730278648464,3.1451839746468124,1.0105116892141182,100.0,0.015308697707951069,2.116898536682129,0.0
280,0.03695994245838571,3.1457444377165045,1.0101637936642442,100.0,0.015308697707951069,2.1531572341918945,0.0
281,0.03035756595013314,3.1454892252028945,1.010321961585801,100.0,0.015308697707951069,2.1288909912109375,0.0
282,0.03951537013582222,3.145285077844563,1.0104521270091182,100.0,0.015308697707951069,2.049243211746216,0.0
283,0.0360211563085551,3.145694804815584,1.0101915447087622,100.0,0.015308697707951069,2.1325554847717285,0.0
284,0.0327885469898255,3.145503396334928,1.0103132510125437,100.0,0.015308697707951069,2.1784732341766357,0.0
285,0.028226882508267968,3.1452082297625523,1.0104968879760838,100.0,0.015308697707951069,2.0258121490478516,0.0
286,0.028334973758558486,3.145760462104425,1.0101507432146957,100.0,0.015308697707951069,2.1893668174743652,0.0
287,0.03559677777905852,3.145082311931124,1.010572109966174,100.0,0.015308697707951069,2.0600426197052,0.0
288,0.03182287156226375,3.1452199929133644,1.0104909282201702,100.0,0.015308697707951069,2.0537898540496826,0.0
289,0.03350604825579003,3.1449310356737317,1.0106690538386514,100.0,0.015308697707951069,1.921405553817749,0.0
290,0.037157571420274614,3.1447163802159395,1.0108045787268023,100.0,0.015308697707951069,1.9383835792541504,0.0
291,0.02592005400497503,3.1456080319645214,1.0102451499350453,100.0,0.015308697707951069,2.2084875106811523,0.0
292,0.03732187798589018,3.1453617137530676,1.0104029562904422,100.0,0.015308697707951069,2.1344847679138184,0.0
293,0.03516253424208142,3.145570841561837,1.0102697472544413,100.0,0.015308697707951069,2.231606960296631,0.0
294,0.038753182296727154,3.145940924083086,1.0100406639904027,100.0,0.015308697707951069,2.43142032623291,0.0
295,0.040518386055342304,3.1460358097749217,1.0099840861642522,100.0,0.015308697707951069,2.19602108001709,0.0
296,0.0398643206837324,3.145866158831046,1.0100882344227684,100.0,0.015308697707951069,2.185826063156128,0.0
297,0.030308414878303644,3.1454833373019837,1.0103257101856409,100.0,0.015308697707951069,2.1285758018493652,0.0
298,0.03230845015523171,3.145690024317165,1.010195325472894,100.0,0.015308697707951069,2.0094664096832275,0.0
299,0.027151258479391593,3.144909026199383,1.0106800145515742,100.0,0.015308697707951069,2.0023558139801025,0.0
300,0.03204729860370059,3.145271742637174,1.0104559887287268,100.0,0.015308697707951069,1.9987080097198486,0.0
301,0.03395583042776663,3.145270128367915,1.0104599341406066,100.0,0.015308697707951069,2.1182336807250977,0.0
302,0.036678439803531616,3.145261458438621,1.0104639084896678,100.0,0.015308697707951069,2.1367721557617188,0.0
303,0.030862425030791427,3.145760774664992,1.0101501280563823,100.0,0.015308697707951069,2.180177927017212,0.0
304,0.036944882114964814,3.145562192025161,1.0102749479473985,100.0,0.015308697707951069,2.2485275268554688,0.0
305,0.038138562395137486,3.1454627158069814,1.010338852415808,100.0,0.015308697707951069,2.0320425033569336,0.0
306,0.022650977597908142,3.1454916697114133,1.0103182326396516,100.0,0.015308697707951069,2.18625545501709,0.0
307,0.040778785522272806,3.145660896890677,1.0102181212546157,100.0,0.015308697707951069,2.1625494956970215,0.0
308,0.03874366726578135,3.145071934228623,1.010583233054317,100.0,0.015308697707951069,2.0329434871673584,0.0
309,0.031078549219247364,3.1452386594048294,1.0104749872702699,100.0,0.015308697707951069,2.037935733795166,0.0
310,0.03418089880226027,3.1452742240225473,1.0104561795124407,100.0,0.015308697707951069,2.071226119995117,0.0
311,0.03628440197447831,3.1451987626946285,1.010501745175642,100.0,0.015308697707951069,2.055418014526367,0.0
312,0.03989674493352799,3.14507558394803,1.010579497574716,100.0,0.015308697707951069,1.9270668029785156,0.0
313,0.027357759691525745,3.1451242499579317,1.0105473326328043,100.0,0.015308697707951069,2.051283836364746,0.0
314,0.032786088873715126,3.1454342833921776,1.0103564074861069,100.0,0.015308697707951069,2.0057106018066406,0.0
315,0.03508911053579466,3.1459483371296515,1.0100339571440344,100.0,0.015308697707951069,2.140120506286621,0.0
316,0.037987035355456215,3.144783100817114,1.0107637313799152,100.0,0.015308697707951069,1.877992868423462,0.0
317,0.04146797322031308,3.1458956531637314,1.0100704657142325,100.0,0.015308697707951069,2.2793867588043213,0.0
318,0.032750924549735466,3.145872328903207,1.010082235751886,100.0,0.015308697707951069,2.126166582107544,0.0
319,0.032979170796919345,3.145264613695081,1.0104593739685162,100.0,0.015308697707951069,1.9314241409301758,0.0
320,0.0314580929247655,3.145264187606067,1.0104649839588373,100.0,0.015308697707951069,2.1058356761932373,0.0
321,0.0340819536168789,3.145240803881328,1.0104767591468997,100.0,0.015308697707951069,2.0901336669921875,0.0
322,0.03887852687066607,3.1456981494121967,1.0101910774382041,100.0,0.015308697707951069,2.145659923553467,0.0
323,0.03233189388107108,3.1449757798945126,1.0106367269878356,100.0,0.015308697707951069,2.028489112854004,0.0
324,0.027195252310105826,3.1456559638080344,1.0102181328840374,100.0,0.015308697707951069,2.2779715061187744,0.0
325,0.03835461782559005,3.145346582960948,1.0104092730620697,100.0,0.015308697707951069,1.9649602174758911,0.0
326,0.029714565494152342,3.1455722841336824,1.010268809743483,100.0,0.015308697707951069,2.246095657348633,0.0
327,0.02414105087706212,3.1450398696611717,1.0105980913040646,100.0,0.015308697707951069,1.947824239730835,0.0
328,0.03925325194717086,3.145554321929975,1.0102791797138613,100.0,0.015308697707951069,2.313229560852051,0.0
329,0.03654310498809613,3.1452069275383545,1.0104960780696075,100.0,0.015308697707951069,2.0808448791503906,0.0
330,0.03558778304858542,3.1458507327557683,1.010095201626435,100.0,0.015308697707951069,2.364495277404785,0.0
331,0.030884101948780145,3.145001066255434,1.0106224426973145,100.0,0.015308697707951069,1.9491839408874512,0.0
332,0.031102006490125813,3.145732019812741,1.010172872387553,100.0,0.015308697707951069,2.1675965785980225,0.0
333,0.033821923839264065,3.145324918821008,1.010419859226827,100.0,0.015308697707951069,2.1243515014648438,0.0
334,0.037259087631943626,3.145767442225105,1.0101493306431593,100.0,0.015308697707951069,2.0748519897460938,0.0
335,0.03593425567313098,3.145666646665265,1.010211932488032,100.0,0.015308697707951069,2.2219457626342773,0.0
336,0.03754656683783117,3.145160728677454,1.0105267100374289,100.0,0.015308697707951069,1.8936538696289062,0.0
337,0.03570351562852029,3.14551516008034,1.0103089508459897,100.0,0.015308697707951069,2.088418483734131,0.0
338,0.03533031611577501,3.1455101350359085,1.0103076371145565,100.0,0.015308697707951069,2.0847713947296143,0.0
339,0.03509746828540293,3.144772209495495,1.0107653760521607,100.0,0.015308697707951069,1.9255459308624268,0.0
340,0.039653815050558185,3.1455352524219387,1.0102952279494557,100.0,0.015308697707951069,1.9739830493927002,0.0
341,0.04090243764927523,3.144830544020446,1.0107359006976893,100.0,0.015308697707951069,1.9055545330047607,0.0
342,0.028152256963340085,3.1457914330356322,1.010132768884337,100.0,0.015308697707951069,2.1873416900634766,0.0
343,0.028770199179998096,3.145466268719208,1.0103360847772502,100.0,0.015308697707951069,2.167546510696411,0.0
344,0.03519552392649569,3.1450069350713297,1.010620264914345,100.0,0.015308697707951069,2.0745534896850586,0.0
345,0.03564333019703657,3.1451197291515736,1.0105485896605342,100.0,0.015308697707951069,2.1005866527557373,0.0
346,0.03636687934219815,3.1452476344765814,1.0104737119094265,100.0,0.015308697707951069,2.1902332305908203,0.0
347,0.030175193241259876,3.1451203443038445,1.0105515008334645,100.0,0.015308697707951069,2.160311698913574,0.0
348,0.034744768004617545,3.1452785464230577,1.010451766339395,100.0,0.015308697707951069,1.9633301496505737,0.0
349,0.027783553559731392,3.1451695621627747,1.0105188059711865,100.0,0.015308697707951069,2.14046573638916,0.0
350,0.03136551843965551,3.145246280848319,1.0104760265205768,100.0,0.015308697707951069,2.1063051223754883,0.0
351,0.035589295089738904,3.1451051330355875,1.0105576793028903,100.0,0.015308697707951069,2.095911979675293,0.0
352,0.03782896401857329,3.1457220474187775,1.0101777384566832,100.0,0.015308697707951069,2.325505256652832,0.0
353,0.039984726660660844,3.145060474664532,1.0105891161096552,100.0,0.015308697707951069,1.9388624429702759,0.0
354,0.025560228646917853,3.145469263278531,1.0103313654902066,100.0,0.015308697707951069,2.1766421794891357,0.0
355,0.0377726283443633,3.1448264316332386,1.0107348709739978,100.0,0.015308697707951069,1.98175048828125,0.0
356,0.036315238904910674,3.144972017422495,1.010647181507354,100.0,0.015308697707951069,1.9893971681594849,0.0
357,0.03835184101807631,3.1456542607088016,1.0102192641708345,100.0,0.015308697707951069,2.163130044937134,0.0
358,0.037195017500579186,3.1446994330341345,1.0108122049784747,100.0,0.015308697707951069,1.9912523031234741,0.0
359,0.040867247907777474,3.1455194876748127,1.0103050225934478,100.0,0.015308697707951069,2.0923469066619873,0.0
360,0.028088682939230142,3.1452956147375404,1.0104380795825265,100.0,0.015308697707951069,2.1180524826049805,0.0
361,0.03894820951411845,3.1449478725919455,1.010659432523359,100.0,0.015308697707951069,1.9786885976791382,0.0
362,0.03749105853908224,3.145166826767392,1.0105227743718315,100.0,0.015308697707951069,1.8962483406066895,0.0
363,0.037243462700739166,3.1451662043643105,1.0105218154707394,100.0,0.015308697707951069,1.9873313903808594,0.0
364,0.03409626628065673,3.1458660100075058,1.010086214950014,100.0,0.015308697707951069,2.2427124977111816,0.0
365,0.035082050783467426,3.1455982032256795,1.0102527936088348,100.0,0.015308697707951069,2.2522499561309814,0.0
366,0.03613753393799858,3.1458077437476173,1.0101230135392487,100.0,0.015308697707951069,1.969257116317749,0.0
367,0.03447094375448702,3.1454110550072643,1.0103706344000434,100.0,0.015308697707951069,2.1931095123291016,0.0
368,0.03448782064450858,3.1452493941489523,1.0104699632774325,100.0,0.015308697707951069,2.0676136016845703,0.0
369,0.0330363626880427,3.1449253170060225,1.0106744746766763,100.0,0.015308697707951069,1.9662127494812012,0.0
370,0.03771466567042247,3.144793352758531,1.0107554625779303,100.0,0.015308697707951069,1.9714645147323608,0.0
371,0.036541574618763534,3.1451790785463967,1.0105123848711943,100.0,0.015308697707951069,2.033968925476074,0.0
372,0.03561813339449451,3.1446576409523,1.0108364880714724,100.0,0.015308697707951069,1.7717140913009644,0.0
373,0.035881683525658216,3.1459530905260062,1.0100341331015528,100.0,0.015308697707951069,2.198610782623291,0.0
374,0.03694013291060516,3.145442654886683,1.0103495849894064,100.0,0.015308697707951069,1.8999977111816406,0.0
375,0.031947889984797494,3.145995452108158,1.0100074381300017,100.0,0.015308697707951069,2.309129238128662,0.0
376,0.03988922576975732,3.1454039391410284,1.0103764710023424,100.0,0.015308697707951069,2.131260871887207,0.0
377,0.035071976522326055,3.1452105277592426,1.0104924488460423,100.0,0.015308697707951069,1.9099712371826172,0.0
378,0.03351761408892896,3.145691154953796,1.0101950562881117,100.0,0.015308697707951069,2.14085054397583,0.0
379,0.030987148025227923,3.1451329969729622,1.0105406046654348,100.0,0.015308697707951069,1.9899799823760986,0.0
380,0.027425310196241094,3.145219708259149,1.0104878520275475,100.0,0.015308697707951069,2.1035237312316895,0.0
381,0.026565141917281397,3.145456272537647,1.0103425712646643,100.0,0.015308697707951069,2.166069746017456,0.0
382,0.03516679223695646,3.145421428857442,1.010362683410184,100.0,0.015308697707951069,2.052021026611328,0.0
383,0.029966655278376,3.1449411547659105,1.0106614590936327,100.0,0.015308697707951069,1.9250491857528687,0.0
384,0.03297786621477293,3.14545811087181,1.0103413542419806,100.0,0.015308697707951069,2.079000473022461,0.0
385,0.03859687956853091,3.144996934829007,1.0106300717050107,100.0,0.015308697707951069,2.024911880493164,0.0
386,0.034868888024820445,3.144889026791874,1.0106968096758056,100.0,0.015308697707951069,2.0879740715026855,0.0
387,0.038185163415474864,3.1447742207174514,1.0107659688210646,100.0,0.015308697707951069,1.9419713020324707,0.0
388,0.04080099985484403,3.1454805376355943,1.0103292566374311,100.0,0.015308697707951069,2.082718849182129,0.0
389,0.0328069257670024,3.1447941910495882,1.0107527480164367,100.0,0.015308697707951069,1.94529390335083,0.0
390,0.03510934670129073,3.145362357118918,1.0103984253997818,100.0,0.015308697707951069,1.9880470037460327,0.0
391,0.036211318718138125,3.145056572275251,1.0105897770753443,100.0,0.015308697707951069,2.0345852375030518,0.0
392,0.03454246634030727,3.1454370596827768,1.0103544843237215,100.0,0.015308697707951069,2.20686674118042,0.0
393,0.030302887410079256,3.1448104295015584,1.0107408081765688,100.0,0.015308697707951069,1.863767385482788,0.0
394,0.0362255611640072,3.145242227214886,1.0104748342836587,100.0,0.015308697707951069,1.9674184322357178,0.0
395,0.03632878636829006,3.145649894241499,1.010223751144349,100.0,0.015308697707951069,2.1790547370910645,0.0
396,0.03371619036391621,3.145123215539298,1.0105454966740632,100.0,0.015308697707951069,2.029475212097168,0.0
397,0.041615645079548985,3.1451045029981977,1.0105636633584925,100.0,0.015308697707951069,2.02846622467041,0.0
398,0.03944538838692376,3.145453364309865,1.0103462119146125,100.0,0.015308697707951069,1.9517245292663574,0.0
399,0.040429722703995016,3.1458485596963373,1.0100958820552515,100.0,0.015308697707951069,2.3991904258728027,0.0
400,0.03855457105896531,3.1455326819139886,1.0102938795327947,100.0,0.015308697707951069,2.091442584991455,0.0
401,0.036643247339591886,3.14490432939197,1.0106875962710884,100.0,0.015308697707951069,1.9476990699768066,0.0
402,0.031893289699601535,3.145615781608369,1.0102429197914156,100.0,0.015308697707951069,2.3152740001678467,0.0
403,0.03955032352353587,3.145540602888447,1.0102890325057228,100.0,0.015308697707951069,2.2546088695526123,0.0
404,0.035058936449702635,3.145369389854421,1.0103939572359733,100.0,0.015308697707951069,1.9834359884262085,0.0
405,0.033887360987568046,3.144969266064564,1.0106440247044453,100.0,0.015308697707951069,1.9155569076538086,0.0
406,0.033341901216786776,3.145140437330277,1.0105376236033514,100.0,0.015308697707951069,2.112125873565674,0.0
407,0.032155763683653166,3.145327276085112,1.0104182057470228,100.0,0.015308697707951069,1.97749662399292,0.0
408,0.030790881804992568,3.1451185085678883,1.010550038148147,100.0,0.015308697707951069,2.0212366580963135,0.0
409,0.03766351420139265,3.1454784248429446,1.0103272455702195,100.0,0.015308697707951069,2.150087594985962,0.0
410,0.035794268286910784,3.14486626200373,1.0107115002497935,100.0,0.015308697707951069,2.017045021057129,0.0
411,0.03701628037235309,3.144651209304217,1.01084510454669,100.0,0.015308697707951069,1.9312140941619873,0.0
412,0.03684429176411811,3.1452817808318003,1.0104483768952262,100.0,0.015308697707951069,2.1059067249298096,0.0
413,0.027247329259984254,3.1458418731648425,1.01010282035809,100.0,0.015308697707951069,2.3622453212738037,0.0
414,0.030069529982801522,3.1450676416661065,1.01058448614834,100.0,0.015308697707951069,2.1652746200561523,0.0
415,0.034892810990622,3.1448166253029455,1.0107376138196935,100.0,0.015308697707951069,1.967278242111206,0.0
416,0.03304060457677922,3.145477128871109,1.01032954547311,100.0,0.015308697707951069,2.086066246032715,0.0
417,0.03934464756248418,3.1452864381253423,1.0104470329482693,100.0,0.015308697707951069,2.09761905670166,0.0
418,0.03315923770212541,3.1456075466076623,1.0102484090367667,100.0,0.015308697707951069,2.1263208389282227,0.0
419,0.027805020450095305,3.145578958547021,1.0102640145576005,100.0,0.015308697707951069,2.137209177017212,0.0
420,0.026076168585668476,3.1446404162406645,1.0108458066107957,100.0,0.015308697707951069,1.8179625272750854,0.0
421,0.041005333027550724,3.1449384676937693,1.0106655181980269,100.0,0.015308697707951069,2.0269486904144287,0.0
422,0.039847324968414394,3.1453998713786824,1.010377575795312,100.0,0.015308697707951069,1.9194276332855225,0.0
423,0.03579161871723555,3.1448631953701938,1.0107093044449569,100.0,0.015308697707951069,1.899973750114441,0.0
424,0.03480364818286772,3.1447578544204946,1.0107743151866952,100.0,0.015308697707951069,1.9519468545913696,0.0
425,0.03307093455256473,3.1448597621922336,1.0107095618449673,100.0,0.015308697707951069,1.9133737087249756,0.0
426,0.019076145026806633,3.14555056519945,1.0102820266458903,100.0,0.015308697707951069,2.253885507583618,0.0
427,0.03274812240234526,3.1451706021583727,1.0105181056607204,100.0,0.015308697707951069,1.917811393737793,0.0
428,0.034035241722287446,3.145065613403343,1.0105859491810099,100.0,0.015308697707951069,2.0225038528442383,0.0
429,0.0314195404231286,3.1454136182137455,1.010365904238918,100.0,0.015308697707951069,2.148486614227295,0.0
430,0.030979783085523658,3.144925159005656,1.0106722859108435,100.0,0.015308697707951069,2.044044256210327,0.0
431,0.0297558038841644,3.144717367362068,1.010801158336232,100.0,0.015308697707951069,1.873370885848999,0.0
432,0.038732592534719786,3.1448822082619188,1.0107005806616554,100.0,0.015308697707951069,1.9290331602096558,0.0
433,0.03338545623606019,3.1452315496201884,1.0104806264905846,100.0,0.015308697707951069,2.1410675048828125,0.0
434,0.0282945260959337,3.1450837609307722,1.010572554874774,100.0,0.015308697707951069,1.9955497980117798,0.0
435,0.03336379392347986,3.144803035469474,1.0107491937785016,100.0,0.015308697707951069,1.9007091522216797,0.0
436,0.03488932524734936,3.145488631148034,1.0103213266235187,100.0,0.015308697707951069,2.183422088623047,0.0
437,0.04146611756644733,3.1450550504595807,1.010594539724255,100.0,0.015308697707951069,2.008998394012451,0.0
438,0.03789194332409303,3.1456326364396627,1.0102330530714216,100.0,0.015308697707951069,2.2585368156433105,0.0
439,0.03894524264629581,3.1454233928122575,1.0103607284928202,100.0,0.015308697707951069,2.256165027618408,0.0
440,0.03587506674573222,3.1457028419539865,1.0101894686803876,100.0,0.015308697707951069,2.2382941246032715,0.0
441,0.029855911192124388,3.14504605440606,1.0105945387194422,100.0,0.015308697707951069,2.0514698028564453,0.0
442,0.03274086249302411,3.1459709323142984,1.0100214669971714,100.0,0.015308697707951069,2.161505699157715,0.0
443,0.03244435978118063,3.1453726366127595,1.0103932359419012,100.0,0.015308697707951069,2.098318576812744,0.0
444,0.03883833265739276,3.1447223028049898,1.0107980236705856,100.0,0.015308697707951069,1.855449914932251,0.0
445,0.03037701107711232,3.145671359555302,1.0102092631128137,100.0,0.015308697707951069,2.2184059619903564,0.0
446,0.03955493893932957,3.14554109293269,1.010288957835062,100.0,0.015308697707951069,2.250574827194214,0.0
447,0.031628547555113753,3.1454354135054916,1.010355844614965,100.0,0.015308697707951069,2.2528443336486816,0.0
448,0.03999541124396607,3.1448262048608298,1.0107349213354524,100.0,0.015308697707951069,2.0662498474121094,0.0
449,0.03174332566019064,3.145381246248733,1.0103921505159787,100.0,0.015308697707951069,2.1635630130767822,0.0
450,0.030848826665819305,3.145199300674131,1.0105040975355388,100.0,0.015308697707951069,2.1501314640045166,0.0
451,0.03607253877539945,3.1451608764758494,1.0105247414442984,100.0,0.015308697707951069,2.0628128051757812,0.0
452,0.031693846730495856,3.1458733056574015,1.010083719463956,100.0,0.015308697707951069,2.256516456604004,0.0
453,0.03240316703214589,3.1453706901118577,1.0103945238970817,100.0,0.015308697707951069,2.09606671333313,0.0
454,0.03446847559947448,3.1450053737515207,1.0106200833028887,100.0,0.015308697707951069,1.8110716342926025,0.0
455,0.029222695901445873,3.1453261226285814,1.0104205605507912,100.0,0.015308697707951069,1.9470369815826416,0.0
456,0.030586042235152988,3.1457170446063407,1.0101775036168132,100.0,0.015308697707951069,2.158259153366089,0.0
457,0.032527453777993424,3.1457016220005602,1.0101910879194214,100.0,0.015308697707951069,2.290494918823242,0.0
458,0.03185191273586912,3.145447398987243,1.0103455581486032,100.0,0.015308697707951069,2.1991078853607178,0.0
459,0.03603935597209845,3.145128399697175,1.0105450285589455,100.0,0.015308697707951069,2.0567145347595215,0.0
460,0.034759252661142215,3.1452721672227333,1.0104557134409475,100.0,0.015308697707951069,1.9668946266174316,0.0
461,0.03552085046906227,3.1453520650590225,1.0104045951220864,100.0,0.015308697707951069,2.002199649810791,0.0
462,0.03652494875439132,3.1445545710186438,1.0109038217928632,100.0,0.015308697707951069,1.9597418308258057,0.0
463,0.033714958143250165,3.1452311250224865,1.0104815102560816,100.0,0.015308697707951069,2.1795010566711426,0.0
464,0.0346474318078071,3.145544863292237,1.0102856098695974,100.0,0.015308697707951069,2.2164711952209473,0.0
465,0.02980043173534082,3.1454791973087386,1.0103253802001813,100.0,0.015308697707951069,2.0392961502075195,0.0
466,0.026244331788916817,3.1455554951800515,1.0102824069834055,100.0,0.015308697707951069,2.233837604522705,0.0
467,0.041036353474780456,3.1453834627012576,1.0103884234561553,100.0,0.015308697707951069,2.0276925563812256,0.0
468,0.0315830257405533,3.145411983789497,1.0103705179690488,100.0,0.015308697707951069,2.2477641105651855,0.0
469,0.02968396991219877,3.1453505063961043,1.0104053139940528,100.0,0.015308697707951069,2.001667022705078,0.0
470,0.036617431500470046,3.145670590334982,1.0102098353079492,100.0,0.015308697707951069,2.1540684700012207,0.0
471,0.03245458019184496,3.1453078488667585,1.010435174254287,100.0,0.015308697707951069,2.143305778503418,0.0
472,0.035693609838914925,3.1460354036309486,1.0099830603969397,100.0,0.015308697707951069,2.2151308059692383,0.0
473,0.037983282067973884,3.144840298769473,1.0107263727327118,100.0,0.015308697707951069,2.004033088684082,0.0
474,0.02538156962788379,3.145911033167795,1.0100602936375482,100.0,0.015308697707951069,2.2589426040649414,0.0
475,0.03746148665825988,3.144637388059108,1.0108527949710986,100.0,0.015308697707951069,1.9043688774108887,0.0
476,0.025215303131334573,3.145362390462988,1.0104014456379788,100.0,0.015308697707951069,2.2117881774902344,0.0
477,0.03579211132253059,3.145098923921489,1.0105677013648582,100.0,0.015308697707951069,2.113473415374756,0.0
478,0.036221926915831135,3.1453014354510573,1.0104391194827098,100.0,0.015308697707951069,1.9854750633239746,0.0
479,0.03193419112688104,3.1455546033419015,1.0102781934007985,100.0,0.015308697707951069,2.225001811981201,0.0
480,0.0288255484064053,3.14545027026737,1.010346104150515,100.0,0.015308697707951069,2.1676652431488037,0.0
481,0.03335083792657586,3.1453990671497167,1.0103765399862383,100.0,0.015308697707951069,2.0376973152160645,0.0
482,0.03223690726435726,3.1454480135898977,1.010349587731679,100.0,0.015308697707951069,2.217609405517578,0.0
483,0.038025871927193575,3.145377833324782,1.0103903985564815,100.0,0.015308697707951069,1.9997594356536865,0.0
484,0.02484830865012659,3.145332059152507,1.010416609939775,100.0,0.015308697707951069,2.081465244293213,0.0
485,0.03262969961965278,3.1449495719721967,1.0106577937154047,100.0,0.015308697707951069,2.020472288131714,0.0
486,0.03318317595844951,3.1451220022679216,1.0105504000859835,100.0,0.015308697707951069,2.1122753620147705,0.0
487,0.037639121249994384,3.145027213029687,1.0106077758834944,100.0,0.015308697707951069,2.160177230834961,0.0
488,0.040558165477860904,3.1455972640438543,1.010257394306378,100.0,0.015308697707951069,2.1486411094665527,0.0
489,0.025124990426330488,3.1457444654816684,1.0101636285496722,100.0,0.015308697707951069,2.1936821937561035,0.0
490,0.034723775475512864,3.145309474664079,1.0104332192652656,100.0,0.015308697707951069,2.132619857788086,0.0
491,0.034994234536894486,3.144901359708998,1.0106894307111212,100.0,0.015308697707951069,2.0979058742523193,0.0
492,0.03684631364822052,3.1458815339959814,1.010078747502662,100.0,0.015308697707951069,2.2823939323425293,0.0
493,0.029669978961882025,3.144902230940292,1.0106847228755518,100.0,0.015308697707951069,2.0135440826416016,0.0
494,0.03508091278348895,3.145681400003684,1.0102006328968456,100.0,0.015308697707951069,2.293531894683838,0.0
495,0.03793845907649659,3.1448145337907865,1.0107425040290803,100.0,0.015308697707951069,1.9963905811309814,0.0
496,0.027088927937282643,3.1450330277666554,1.0106046541834908,100.0,0.015308697707951069,2.0516791343688965,0.0
497,0.03387221899467117,3.1452147727599375,1.0104933452704175,100.0,0.015308697707951069,2.0917112827301025,0.0
498,0.034449986103252214,3.1444882226558364,1.0109426850631087,100.0,0.015308697707951069,1.820337176322937,0.0
499,0.029907688617974926,3.1453652741623515,1.0103991095484177,100.0,0.015308697707951069,2.1212430000305176,0.0
