row_type,task,activation,runs,successful_runs,failed_runs,nonfinite_failures,threshold_0_90_successes,threshold_0_90_step_mean_reached,threshold_0_99_successes,threshold_0_99_step_mean_reached,pre_clip_gradient_norm_mean_mean,pre_clip_gradient_norm_mean_std,pre_clip_gradient_norm_max_mean,pre_clip_gradient_norm_max_std,clip_bind_fraction_mean,clip_bind_fraction_std,runtime_seconds_mean,panel,token_accuracy_mean,token_accuracy_std,token_accuracy_ci95,exact_sequence_accuracy_mean,exact_sequence_accuracy_std,exact_sequence_accuracy_ci95,recurrent_state_rms_mean,recurrent_state_rms_std,recurrent_state_rms_ci95,recurrent_state_max_abs_mean,recurrent_state_max_abs_std,recurrent_state_max_abs_ci95,logit_rms_mean,logit_rms_std,logit_rms_ci95,logit_max_abs_mean,logit_max_abs_std,logit_max_abs_ci95,comparison_type,metric,baseline,paired_seeds,seed_ids,differences_by_seed,mean_difference,std_difference,ci95,activation_wins,ties,tanh_wins,both_success,activation_only_success,tanh_only_success,neither_success,joint_success_seed_ids
arm_summary,delayed_copy,tanh,20,20,0,0,15,1435,0,,2.1602816121009285,0.535003174883038,58.50210981369018,37.488144999492086,0.7641111111111111,0.07733087984277665,24.952435751009034,,,,,,,,,,,,,,,,,,,,,,,,,,,,,,,,,,,,
arm_summary,delayed_copy,relu,20,20,0,0,20,1153.75,0,,13.01340247799484,4.002792584022914,4765.9531921386715,2866.2220965749448,0.8991388888888889,0.0042328083664001,24.602423403394642,,,,,,,,,,,,,,,,,,,,,,,,,,,,,,,,,,,,
arm_summary,delayed_copy,identity,20,20,0,0,20,1131.25,0,,12.218163747992323,6.68907298867472,7406.613977050782,6244.801032123706,0.8979444444444444,0.0037250360316776732,23.939479324262358,,,,,,,,,,,,,,,,,,,,,,,,,,,,,,,,,,,,
arm_summary,delayed_copy,softsign,20,20,0,0,4,1768.75,0,,1.834065303045692,0.5471183810669495,75.47440919876098,51.027506274740674,0.6226666666666667,0.1402599693403297,26.307792188849998,,,,,,,,,,,,,,,,,,,,,,,,,,,,,,,,,,,,
arm_summary,two_palindrome,tanh,20,20,0,0,1,2575,0,,2.8329829073760373,0.27771922468850213,46.71841869354248,27.847490552229754,0.954923076923077,0.03379772022260386,52.17147621055483,,,,,,,,,,,,,,,,,,,,,,,,,,,,,,,,,,,,
arm_summary,two_palindrome,relu,20,20,0,0,6,2412.5,0,,7.558953538125524,0.8292594609203505,410.40783462524416,202.66577078125894,0.9976538461538461,0.0009412846632081757,51.698983085883086,,,,,,,,,,,,,,,,,,,,,,,,,,,,,,,,,,,,
arm_summary,two_palindrome,identity,20,20,0,0,20,1427.5,4,2293.75,5.133603892630682,0.4952354954406762,420.54850006103516,240.40738719776704,0.9974807692307692,0.0016340496758652455,50.3666925148631,,,,,,,,,,,,,,,,,,,,,,,,,,,,,,,,,,,,
arm_summary,two_palindrome,softsign,20,20,0,0,0,,0,,2.175112606078386,0.32036441297717605,52.963894271850585,32.03946946778024,0.8014615384615384,0.07845504855274305,55.36434270174941,,,,,,,,,,,,,,,,,,,,,,,,,,,,,,,,,,,,
evaluation_panel,delayed_copy,tanh,20,20,,,,,,,,,,,,,,in_distribution,0.8977165350454491,0.03170263655179363,"[0.8828794149376124, 0.9125536551532859]",0.7349609375,0.07346587279102146,"[0.700578245806625, 0.7693436291933751]",0.8684841845216635,0.016451406171275676,"[0.8607847779153, 0.8761835911280271]",1.0,0.0,"[1.0, 1.0]",4.976427024591818,0.5772036399760654,"[4.706290510267083, 5.246563538916552]",19.608559703826906,4.589584870631209,"[17.46059255101882, 21.75652685663499]",,,,,,,,,,,,,,,,,
evaluation_panel,delayed_copy,tanh,20,20,,,,,,,,,,,,,,longer_lengths,0.5937367477041866,0.0314835492932621,"[0.5790021624111946, 0.6084713329971786]",0.0498046875,0.016663427205393277,"[0.04200605313560904, 0.05760332186439096]",0.8857948837296189,0.01718112027921382,"[0.8777539643331069, 0.8938358031261309]",1.0,0.0,"[1.0, 1.0]",4.607170611925149,0.4389721462154143,"[4.40172768459157, 4.812613539258727]",19.493455553054808,4.754361838553649,"[17.268371291703517, 21.7185398144061]",,,,,,,,,,,,,,,,,
evaluation_panel,delayed_copy,relu,20,20,,,,,,,,,,,,,,in_distribution,0.9371877986179629,0.013922529304171304,"[0.9306719292153223, 0.9437036680206035]",0.8361328125,0.033278021178624294,"[0.8205583981647213, 0.8517072268352788]",6.320503212856292,1.296098388377391,"[5.713917466320298, 6.927088959392286]",86.21584625244141,30.805508217591097,"[71.79859030400854, 100.63310220087428]",9.691746111274162,2.0324880024942167,"[8.740523377433819, 10.642968845114504]",63.470182228088376,14.761364180959662,"[56.56173053036903, 70.37863392580772]",,,,,,,,,,,,,,,,,
evaluation_panel,delayed_copy,relu,20,20,,,,,,,,,,,,,,longer_lengths,0.6366052277393385,0.0254780443977333,"[0.6246812729532947, 0.6485291825253823]",0.07265625,0.02095547392295212,"[0.06284889902452125, 0.08246360097547877]",8.764730365633017,1.8675767929422986,"[7.8906875666303655, 9.63877316463567]",152.80508117675782,51.82433108562086,"[128.55082637465517, 177.05933597886047]",12.218592975474161,3.0635381570670095,"[10.784829461291853, 13.65235648965647]",90.8635835647583,33.73107330503605,"[75.07713674430445, 106.65003038521215]",,,,,,,,,,,,,,,,,
evaluation_panel,delayed_copy,identity,20,20,,,,,,,,,,,,,,in_distribution,0.9523169131724012,0.014597041919355304,"[0.9454853657765633, 0.9591484605682391]",0.87265625,0.03513111308950934,"[0.8562145719212865, 0.8890979280787136]",4.491020069873408,0.9573794046465401,"[4.0429578655736735, 4.939082274173143]",49.88717384338379,17.04186243735359,"[41.911428374039176, 57.86291931272841]",7.340726706052497,2.0384172525640945,"[6.386729029652015, 8.29472438245298]",58.332221794128415,32.4393149475457,"[43.150329546574966, 73.51411404168186]",,,,,,,,,,,,,,,,,
evaluation_panel,delayed_copy,identity,20,20,,,,,,,,,,,,,,longer_lengths,0.6147054285460203,0.03686274329593284,"[0.5974533318980787, 0.6319575251939619]",0.0884765625,0.033224886444587834,"[0.07292701569993433, 0.10402610930006566]",7.124103426616989,1.626932941675815,"[6.362684122465311, 7.885522730768667]",103.06064186096191,37.61608892918792,"[85.45597265568554, 120.66531106623827]",11.448633017848033,2.984944459723621,"[10.051652063542022, 12.845613972154045]",109.27705936431884,48.414488456362164,"[86.61864169571388, 131.9354770329238]",,,,,,,,,,,,,,,,,
evaluation_panel,delayed_copy,softsign,20,20,,,,,,,,,,,,,,in_distribution,0.8415897097779889,0.050238866791148556,"[0.8180774665787806, 0.8651019529771972]",0.6337890625,0.08727166923538679,"[0.5929451334362017, 0.6746329915637983]",0.645125870845712,0.028265872087679576,"[0.6318971875331273, 0.6583545541582968]",0.9522349923849106,0.01044037813607191,"[0.9473488011647243, 0.9571211836050969]",5.499877055609121,0.645892614394071,"[5.197593481153945, 5.802160630064298]",22.98996000289917,4.817450539622931,"[20.735349659902177, 25.244570345896165]",,,,,,,,,,,,,,,,,
evaluation_panel,delayed_copy,softsign,20,20,,,,,,,,,,,,,,longer_lengths,0.5598325970254923,0.03223605643529478,"[0.5447458315966273, 0.5749193624543573]",0.03515625,0.006706211525616813,"[0.03201768246440787, 0.03829481753559213]",0.6588494351936918,0.02938046188002982,"[0.6450991137961152, 0.6725997565912684]",0.9521971881389618,0.010061200739599525,"[0.9474884553634209, 0.9569059209145028]",5.083965871053362,0.6557211264707573,"[4.7770824642175285, 5.390849277889195]",23.375856399536133,4.929085932636859,"[21.06899968479882, 25.682713114273447]",,,,,,,,,,,,,,,,,
evaluation_panel,two_palindrome,tanh,20,20,,,,,,,,,,,,,,in_distribution,0.8053538970147462,0.04297825419722102,"[0.7852396860560609, 0.8254681079734316]",0.36953125,0.11489954002029339,"[0.3157572279929931, 0.42330527200700685]",0.8595548532542321,0.021394830992806025,"[0.849541879203682, 0.8695678273047822]",1.0,0.0,"[1.0, 1.0]",5.276289775900447,0.6008317541390759,"[4.995095090840117, 5.557484460960778]",27.010124683380127,8.288993692291543,"[23.13080080491637, 30.889448561843885]",,,,,,,,,,,,,,,,,
evaluation_panel,two_palindrome,tanh,20,20,,,,,,,,,,,,,,longer_lengths,0.5228804581927058,0.01554476014415677,"[0.5156053701119537, 0.5301555462734578]",0.0037109375,0.004985555564694001,"[0.0013776524876695719, 0.006044222512330428]",0.8705960763756275,0.021278777088524166,"[0.86063741659998, 0.880554736151275]",1.0,0.0,"[1.0, 1.0]",4.731727639149806,0.5283268955711217,"[4.484465882450716, 4.978989395848896]",27.30165491104126,8.342813180710763,"[23.397143026131612, 31.20616679595091]",,,,,,,,,,,,,,,,,
evaluation_panel,two_palindrome,tanh,20,20,,,,,,,,,,,,,,fixed_block_length_3,0.7380940755208333,0.039246786764041745,"[0.7197262250074097, 0.7564619260342569]",0.151220703125,0.05976780433736176,"[0.12324883112986296, 0.17919257512013703]",0.8606758757125803,0.02121749049787344,"[0.8507458986146338, 0.8706058528105268]",1.0,0.0,"[1.0, 1.0]",5.15777182488449,0.5852474151735956,"[4.883870751150597, 5.431672898618383]",27.598138332366943,8.562901707318838,"[23.59062303011357, 31.605653634620317]",,,,,,,,,,,,,,,,,
evaluation_panel,two_palindrome,tanh,20,20,,,,,,,,,,,,,,fixed_block_length_4,0.57530517578125,0.019988437152302148,"[0.5659504067445442, 0.5846599448179557]",0.008203125,0.003936968035284928,"[0.006360588417756913, 0.010045661582243088]",0.866236587248482,0.02123867084113088,"[0.8562966975586813, 0.8761764769382826]",1.0,0.0,"[1.0, 1.0]",4.86651018792824,0.538496962681512,"[4.614488748009268, 5.118531627847212]",27.55936470031738,8.872895263389745,"[23.406769615296877, 31.711959785337886]",,,,,,,,,,,,,,,,,
evaluation_panel,two_palindrome,relu,20,20,,,,,,,,,,,,,,in_distribution,0.8532603228579128,0.054292212003356884,"[0.827851077507044, 0.8786695682087815]",0.440625,0.18877036749642895,"[0.35227876385117907, 0.5289712361488209]",5.647291315902278,0.9971824999442982,"[5.1806009036731595, 6.113981728131396]",76.26517810821534,28.158684915064523,"[63.08665936006704, 89.44369685636363]",8.675901222427823,1.533964280889936,"[7.957992090816251, 9.393810354039395]",59.33533477783203,25.39165604989248,"[47.451810518465024, 71.21885903719904]",,,,,,,,,,,,,,,,,
evaluation_panel,two_palindrome,relu,20,20,,,,,,,,,,,,,,longer_lengths,0.4818366724707583,0.03987113085121424,"[0.4631766232881526, 0.500496721653364]",0.0009765625,0.0017353971028098408,"[0.00016438098925669836, 0.0017887440107433017]",7.938309735860619,2.457807895579675,"[6.788033452399835, 9.088586019321403]",163.15025024414064,82.04085551370522,"[124.75438922425775, 201.54611126402352]",11.13970010379369,5.734935276630158,"[8.45569862110888, 13.8237015864785]",127.807958984375,91.48510075075336,"[84.99210593382865, 170.62381203492134]",,,,,,,,,,,,,,,,,
evaluation_panel,two_palindrome,relu,20,20,,,,,,,,,,,,,,fixed_block_length_3,0.80634765625,0.04679529503937742,"[0.7844470357181214, 0.8282482767818787]",0.23115234375,0.12817373267148702,"[0.17116587974692887, 0.2911388077530711]",5.177008444952346,0.8294095111334926,"[4.788837306089336, 5.565179583815356]",69.59665222167969,22.38508168144524,"[59.12023190916947, 80.0730725341899]",8.412966130761669,1.2679604102581925,"[7.819549212006423, 9.006383049516915]",59.02962760925293,21.40787388673903,"[49.01054936659494, 69.04870585191091]",,,,,,,,,,,,,,,,,
evaluation_panel,two_palindrome,relu,20,20,,,,,,,,,,,,,,fixed_block_length_4,0.572821044921875,0.039106333883903784,"[0.5545189276243211, 0.591123162219429]",0.00654296875,0.005010661754102085,"[0.004197933814375676, 0.008888003685624323]",6.06788221456972,1.2065360446917417,"[5.503212453419748, 6.632551975719692]",107.25278854370117,47.071354840402215,"[85.22296953276032, 129.28260755464203]",8.841990211029072,1.6368743236600443,"[8.075918250361052, 9.608062171697092]",84.58518142700196,48.10545139342262,"[62.07139589374372, 107.09896696026019]",,,,,,,,,,,,,,,,,
evaluation_panel,two_palindrome,identity,20,20,,,,,,,,,,,,,,in_distribution,0.9727484618009968,0.013986697693200155,"[0.9662025610129984, 0.9792943625889953]",0.8779296875,0.0588041043169515,"[0.8504088358144006, 0.9054505391855994]",3.825941654277781,0.7676082585833407,"[3.4666940595308358, 4.185189249024726]",37.20491876602173,14.371764489587118,"[30.478803241050244, 43.93103429099321]",9.08062987608725,1.953932186831528,"[8.166171973154652, 9.99508777901985]",61.33240566253662,17.06736831173194,"[53.344723213723796, 69.32008811134945]",,,,,,,,,,,,,,,,,
evaluation_panel,two_palindrome,identity,20,20,,,,,,,,,,,,,,longer_lengths,0.5224932950725354,0.02583801439081938,"[0.5104008710800295, 0.5345857190650413]",0.00625,0.005132395979154581,"[0.0038479923480721763, 0.008652007651927824]",5.901153915640562,1.4567379237474343,"[5.219387416347348, 6.582920414933777]",73.95617427825928,32.01640466210895,"[58.972207862193486, 88.94014069432508]",12.207118343870851,3.254603431996971,"[10.683934556143114, 13.730302131598588]",99.31865673065185,35.20965411293313,"[82.84022074393195, 115.79709271737175]",,,,,,,,,,,,,,,,,
evaluation_panel,two_palindrome,identity,20,20,,,,,,,,,,,,,,fixed_block_length_3,0.9500325520833334,0.022478621887827354,"[0.9395123541097843, 0.9605527500568825]",0.74208984375,0.1036662667697629,"[0.693573095034758, 0.790606592465242]",3.496146106726225,0.48183105528004816,"[3.270644823033423, 3.7216473904190273]",36.66255121231079,11.751437395547532,"[31.162772422852385, 42.16233000176919]",8.983839179110465,2.1106344224276867,"[7.996043215259548, 9.97163514296138]",68.46877689361573,21.76714509447106,"[58.2815564823498, 78.65599730488165]",,,,,,,,,,,,,,,,,
evaluation_panel,two_palindrome,identity,20,20,,,,,,,,,,,,,,fixed_block_length_4,0.6384521484375,0.025905670297092204,"[0.6263280608700819, 0.6505762360049181]",0.0203125,0.009353988927779406,"[0.015934748736880333, 0.02469025126311967]",4.299275692169731,0.7541033688577955,"[3.946348507732308, 4.652202876607154]",50.66205883026123,18.282126183111778,"[42.10585873118429, 59.21825892933817]",10.062850199895376,2.375460762374197,"[8.951113118179205, 11.174587281611547]",85.15756645202637,29.059849053607056,"[71.55729475160905, 98.7578381524437]",,,,,,,,,,,,,,,,,
evaluation_panel,two_palindrome,softsign,20,20,,,,,,,,,,,,,,in_distribution,0.7533994523495149,0.04593757735793361,"[0.7319002514357618, 0.774898653263268]",0.256640625,0.07703912298295947,"[0.22058561995860043, 0.2926956300413996]",0.5978100478810889,0.022220894578135145,"[0.5874104686151582, 0.6082096271470196]",0.9543333053588867,0.008645749183816862,"[0.9502870166897108, 0.9583795940280626]",5.125323548951339,0.7692139811591436,"[4.765324461542951, 5.485322636359728]",31.532957220077513,12.888332492364285,"[25.50110126177157, 37.56481317838345]",,,,,,,,,,,,,,,,,
evaluation_panel,two_palindrome,softsign,20,20,,,,,,,,,,,,,,longer_lengths,0.48664179499358995,0.02626702832826294,"[0.4743485886053554, 0.4989350013818245]",0.001953125,0.0026884656312956457,"[0.0006948988139174449, 0.003211351186082555]",0.6051878682020994,0.02112713053864193,"[0.5953001803808149, 0.6150755560233838]",0.9542592763900757,0.008324392472249158,"[0.9503633855630226, 0.9581551672171288]",4.564855218084492,0.6187735189125028,"[4.275263625137495, 4.854446811031489]",31.408937788009645,12.950488435951257,"[25.347992286980364, 37.469883289038926]",,,,,,,,,,,,,,,,,
evaluation_panel,two_palindrome,softsign,20,20,,,,,,,,,,,,,,fixed_block_length_3,0.683740234375,0.03858594236911599,"[0.6656816650043004, 0.7017988037456996]",0.08408203125,0.032180427004159295,"[0.06902130089711167, 0.09914276160288832]",0.5973184572313405,0.019968786400448923,"[0.587972884923903, 0.606664029538778]",0.954877284169197,0.008185038213235225,"[0.9510466123934096, 0.9587079559449845]",5.024031030985995,0.747655531762631,"[4.674121492518188, 5.373940569453802]",32.03070883750915,13.154990374174425,"[25.874054583211183, 38.18736309180712]",,,,,,,,,,,,,,,,,
evaluation_panel,two_palindrome,softsign,20,20,,,,,,,,,,,,,,fixed_block_length_4,0.536639404296875,0.02647595419622367,"[0.5242484187163167, 0.5490303898774332]",0.0046875,0.0034794603719329772,"[0.003059081134443305, 0.006315918865556694]",0.6014264754051128,0.01974577268430297,"[0.5921852755301306, 0.6106676752800951]",0.9551687896251678,0.008132990756079612,"[0.9513624765291975, 0.9589751027211382]",4.736724861136779,0.6890414369302192,"[4.414247248200461, 5.059202474073098]",32.18008828163147,12.766001362671778,"[26.205484396389224, 38.154692166873716]",,,,,,,,,,,,,,,,,
paired_comparison,delayed_copy,relu,,,,,,,,,,,,,,,,in_distribution,,,,,,,,,,,,,,,,,,,evaluation,token_accuracy,tanh,20,"[0, 1, 2, 3, 4, 5, 6, 7, 8, 9, 10, 11, 12, 13, 14, 15, 16, 17, 18, 19]","[0.025348542458808687, 0.06838709677419352, 0.04805194805194812, 0.12325285895806859, -0.0012820512820512775, 0.10243277848911647, 0.07216494845360832, 0.08097686375321334, 0.019230769230769273, 0.023285899094437235, 0.002624671916010457, 0.04166666666666674, 0.047496790757381224, 0.013959390862944177, -0.015247776365946653, 0.023809523809523836, 0.06640625, 0.014550264550264536, 0.0013020833333333703, 0.03100775193798455]",0.03947126357251372,0.036569377024962546,"[0.022356464987806163, 0.056586062157221284]",18,0,2,,,,,
paired_comparison,delayed_copy,relu,,,,,,,,,,,,,,,,in_distribution,,,,,,,,,,,,,,,,,,,evaluation,exact_sequence_accuracy,tanh,20,"[0, 1, 2, 3, 4, 5, 6, 7, 8, 9, 10, 11, 12, 13, 14, 15, 16, 17, 18, 19]","[0.05859375, 0.1875, 0.12109375, 0.296875, -0.00390625, 0.23828125, 0.16015625, 0.1953125, 0.06640625, 0.05859375, 0.04296875, 0.078125, 0.1328125, 0.046875, -0.03125, 0.06640625, 0.17578125, 0.04296875, 0.00390625, 0.0859375]",0.101171875,0.085355196745312,"[0.061224872362877616, 0.1411188776371224]",18,0,2,,,,,
paired_comparison,delayed_copy,relu,,,,,,,,,,,,,,,,in_distribution,,,,,,,,,,,,,,,,,,,evaluation,recurrent_state_rms,tanh,20,"[0, 1, 2, 3, 4, 5, 6, 7, 8, 9, 10, 11, 12, 13, 14, 15, 16, 17, 18, 19]","[7.147495317751011, 7.205401043602632, 2.8307919429797193, 5.917623162909094, 4.200755392883133, 5.163262857650194, 7.57303958022521, 5.4111043429506696, 4.232613484128056, 5.460180424283521, 3.754607385434867, 4.62553726087309, 5.809781395035526, 6.153378312918003, 5.12066125979373, 6.473963720985719, 6.245787252574111, 3.6610927264179938, 6.830148764400781, 5.2231549388955205]",5.452019028334629,1.2937200118143493,"[4.846546383501386, 6.057491673167871]",20,0,0,,,,,
paired_comparison,delayed_copy,relu,,,,,,,,,,,,,,,,in_distribution,,,,,,,,,,,,,,,,,,,evaluation,recurrent_state_max_abs,tanh,20,"[0, 1, 2, 3, 4, 5, 6, 7, 8, 9, 10, 11, 12, 13, 14, 15, 16, 17, 18, 19]","[131.74412536621094, 96.21037292480469, 36.35588073730469, 95.16775512695312, 67.82451629638672, 79.63804626464844, 144.342529296875, 66.56270599365234, 75.15441131591797, 67.11874389648438, 61.808258056640625, 74.51031494140625, 139.94268798828125, 62.31146240234375, 59.049224853515625, 116.25115966796875, 110.52734375, 53.54079818725586, 107.31049346923828, 58.94609451293945]",85.21584625244141,30.805508217591097,"[70.79859030400854, 99.63310220087428]",20,0,0,,,,,
paired_comparison,delayed_copy,relu,,,,,,,,,,,,,,,,in_distribution,,,,,,,,,,,,,,,,,,,evaluation,logit_rms,tanh,20,"[0, 1, 2, 3, 4, 5, 6, 7, 8, 9, 10, 11, 12, 13, 14, 15, 16, 17, 18, 19]","[5.196600339892519, 5.907886180969805, 1.2978316501657288, 2.335152855426247, 5.08186804728609, 6.396245364216322, 8.49845121012655, 8.65362444406233, 3.849726685179382, 3.866987309624067, 2.8053704581602004, 2.4835788512130046, 5.44600749356042, 7.108494744766397, 4.081744675791468, 2.9933372137214986, 5.508593930567052, 3.0482125264221986, 5.4574316662854985, 4.289236086210096]",4.715319086682344,1.995344506977794,"[3.7814798440636754, 5.649158329301012]",20,0,0,,,,,
paired_comparison,delayed_copy,relu,,,,,,,,,,,,,,,,in_distribution,,,,,,,,,,,,,,,,,,,evaluation,logit_max_abs,tanh,20,"[0, 1, 2, 3, 4, 5, 6, 7, 8, 9, 10, 11, 12, 13, 14, 15, 16, 17, 18, 19]","[57.44955253601074, 70.3256721496582, 18.837139129638672, 34.839303970336914, 46.09523391723633, 30.524503707885742, 68.78447151184082, 70.88604164123535, 40.48953819274902, 55.45576190948486, 38.08155632019043, 27.42435646057129, 46.7186222076416, 43.89777755737305, 36.18720245361328, 27.873153686523438, 37.242313385009766, 26.346631050109863, 53.36629867553711, 46.40732002258301]",43.86162252426148,15.124795420909125,"[36.78308172530096, 50.940163323221995]",20,0,0,,,,,
paired_comparison,delayed_copy,relu,,,,,,,,,,,,,,,,longer_lengths,,,,,,,,,,,,,,,,,,,evaluation,token_accuracy,tanh,20,"[0, 1, 2, 3, 4, 5, 6, 7, 8, 9, 10, 11, 12, 13, 14, 15, 16, 17, 18, 19]","[0.08846426043878275, 0.03433476394849788, 0.027977044476327095, 0.15770862800565777, 0.013561741613133393, 0.0762108262108262, 0.03349964362081248, 0.06965174129353235, 0.022711142654364802, 0.03111739745403108, -0.05045550105115626, 0.0183745583038869, 0.0021171489061397875, 0.06161473087818692, 0.03230437903804739, 0.00566973777462787, 0.0698659139026111, 0.06330014224751068, 0.04264392324093824, 0.056697377746279254]",0.04286848003515188,0.0416983500766696,"[0.02335327575946307, 0.062383684310840695]",19,0,1,,,,,
paired_comparison,delayed_copy,relu,,,,,,,,,,,,,,,,longer_lengths,,,,,,,,,,,,,,,,,,,evaluation,exact_sequence_accuracy,tanh,20,"[0, 1, 2, 3, 4, 5, 6, 7, 8, 9, 10, 11, 12, 13, 14, 15, 16, 17, 18, 19]","[0.03515625, 0.05859375, -0.0078125, 0.078125, -0.00390625, 0.05859375, 0.02734375, 0.03125, 0.0234375, 0.00390625, -0.0234375, -0.0234375, 0.01171875, -0.00390625, 0.03125, -0.015625, 0.04296875, 0.02734375, 0.03125, 0.07421875]",0.0228515625,0.030502864462865896,"[0.008575946560952744, 0.037127178439047254]",14,0,6,,,,,
paired_comparison,delayed_copy,relu,,,,,,,,,,,,,,,,longer_lengths,,,,,,,,,,,,,,,,,,,evaluation,recurrent_state_rms,tanh,20,"[0, 1, 2, 3, 4, 5, 6, 7, 8, 9, 10, 11, 12, 13, 14, 15, 16, 17, 18, 19]","[9.965317144066175, 9.057420708349683, 4.311573514290524, 8.418986602573744, 6.256457168587131, 6.262739506460897, 13.24789662277673, 8.161262331780788, 6.933169266096918, 7.419286575567797, 7.294717111038648, 8.298428321073477, 8.061584791925592, 7.936429747051835, 7.321259783001872, 8.883587450838256, 7.817157355176064, 5.250679445157252, 9.50795966018028, 7.172796532074309]",7.878935481903398,1.8631248316231037,"[7.00697624098906, 8.750894722817737]",20,0,0,,,,,
paired_comparison,delayed_copy,relu,,,,,,,,,,,,,,,,longer_lengths,,,,,,,,,,,,,,,,,,,evaluation,recurrent_state_max_abs,tanh,20,"[0, 1, 2, 3, 4, 5, 6, 7, 8, 9, 10, 11, 12, 13, 14, 15, 16, 17, 18, 19]","[174.72772216796875, 140.29132080078125, 65.0938949584961, 134.35226440429688, 113.75405883789062, 169.64683532714844, 282.6394958496094, 145.21368408203125, 179.72000122070312, 115.43468475341797, 142.66015625, 170.0611572265625, 256.14849853515625, 167.96575927734375, 112.8480224609375, 166.9186248779297, 148.14608764648438, 81.66189575195312, 170.9344024658203, 97.883056640625]",151.80508117675782,51.82433108562086,"[127.55082637465517, 176.05933597886047]",20,0,0,,,,,
paired_comparison,delayed_copy,relu,,,,,,,,,,,,,,,,longer_lengths,,,,,,,,,,,,,,,,,,,evaluation,logit_rms,tanh,20,"[0, 1, 2, 3, 4, 5, 6, 7, 8, 9, 10, 11, 12, 13, 14, 15, 16, 17, 18, 19]","[7.631170250273784, 8.035486206714161, 3.1023960480621593, 4.1491121303972776, 8.50217446951082, 9.15718251495169, 15.620250512815769, 13.69899776552195, 6.708344958238824, 7.171224430812066, 4.3568166664128345, 5.60886155235473, 6.818538595308635, 10.292352638283205, 7.658001927450994, 4.999409447477626, 6.730620374892153, 5.170707176594783, 9.087891187396032, 7.7289084175107465]",7.611422363549012,3.0440742856716048,"[6.186768116893564, 9.03607661020446]",20,0,0,,,,,
paired_comparison,delayed_copy,relu,,,,,,,,,,,,,,,,longer_lengths,,,,,,,,,,,,,,,,,,,evaluation,logit_max_abs,tanh,20,"[0, 1, 2, 3, 4, 5, 6, 7, 8, 9, 10, 11, 12, 13, 14, 15, 16, 17, 18, 19]","[52.59895706176758, 104.37047958374023, 28.532257080078125, 70.03210067749023, 69.88820457458496, 67.21658515930176, 97.20922088623047, 134.31869888305664, 60.87340545654297, 88.38208484649658, 43.24500370025635, 49.94127559661865, 62.67011260986328, 149.47212409973145, 86.25461959838867, 38.37376022338867, 53.82570171356201, 28.549710273742676, 74.01252174377441, 67.6357364654541]",71.37012801170349,31.810237099109255,"[56.48264987633854, 86.25760614706843]",20,0,0,,,,,
paired_comparison,delayed_copy,relu,,,,,,,,,,,,,,,,,,,,,,,,,,,,,,,,,,,threshold,threshold_0_90_step,tanh,20,,"[-275, -675, 175, -700, -450, -425, 50, -425, -300, -350, -150, -650, -175, 175, -200]",-291.6666666666667,280.41211168733844,"[-446.95468197299283, -136.37865136034057]",,,,15,5,0,0,"[0, 1, 4, 6, 8, 9, 10, 12, 13, 14, 15, 16, 17, 18, 19]"
paired_comparison,delayed_copy,relu,,,,,,,,,,,,,,,,,,,,,,,,,,,,,,,,,,,threshold,threshold_0_99_step,tanh,20,,[],,,,,,,0,0,0,20,[]
paired_comparison,delayed_copy,identity,,,,,,,,,,,,,,,,in_distribution,,,,,,,,,,,,,,,,,,,evaluation,token_accuracy,tanh,20,"[0, 1, 2, 3, 4, 5, 6, 7, 8, 9, 10, 11, 12, 13, 14, 15, 16, 17, 18, 19]","[0.04816223067173642, 0.08387096774193548, 0.020779220779220786, 0.14358322744599739, 0.03974358974358971, 0.09218950064020481, 0.0889175257731959, 0.09383033419023135, 0.028205128205128216, 0.04915912031047864, 0.02099737532808399, 0.06380208333333337, 0.0577663671373555, 0.032994923857868064, 0.04066073697585759, 0.013227513227513255, 0.07552083333333326, 0.005291005291005346, 0.03645833333333337, 0.05684754521963831]",0.05460037812695204,0.03390126320860292,"[0.038734280895207085, 0.07046647535869699]",20,0,0,,,,,
paired_comparison,delayed_copy,identity,,,,,,,,,,,,,,,,in_distribution,,,,,,,,,,,,,,,,,,,evaluation,exact_sequence_accuracy,tanh,20,"[0, 1, 2, 3, 4, 5, 6, 7, 8, 9, 10, 11, 12, 13, 14, 15, 16, 17, 18, 19]","[0.109375, 0.23046875, 0.07421875, 0.33984375, 0.1015625, 0.2109375, 0.21875, 0.25390625, 0.08203125, 0.1171875, 0.06640625, 0.12890625, 0.13671875, 0.08984375, 0.1015625, 0.0390625, 0.19921875, 0.015625, 0.08984375, 0.1484375]",0.1376953125,0.08083175936384436,"[0.09986531939359808, 0.17552530560640192]",20,0,0,,,,,
paired_comparison,delayed_copy,identity,,,,,,,,,,,,,,,,in_distribution,,,,,,,,,,,,,,,,,,,evaluation,recurrent_state_rms,tanh,20,"[0, 1, 2, 3, 4, 5, 6, 7, 8, 9, 10, 11, 12, 13, 14, 15, 16, 17, 18, 19]","[4.297756922407352, 3.689824053412668, 2.2317678535159957, 5.040645204332427, 4.6029303568907975, 4.1641052332164366, 4.05190073582658, 3.1320116996206195, 2.7865674907559783, 4.415017738973455, 2.516634015592396, 3.74287786659951, 2.9470122075725653, 4.086427213042963, 5.523269345562989, 1.8217130825928067, 2.970190718505653, 3.1248344601610483, 3.122412276387265, 4.182819232065393]",3.622535885351745,0.9573568699809514,"[3.174484227478942, 4.070587543224548]",20,0,0,,,,,
paired_comparison,delayed_copy,identity,,,,,,,,,,,,,,,,in_distribution,,,,,,,,,,,,,,,,,,,evaluation,recurrent_state_max_abs,tanh,20,"[0, 1, 2, 3, 4, 5, 6, 7, 8, 9, 10, 11, 12, 13, 14, 15, 16, 17, 18, 19]","[84.5988998413086, 43.36854934692383, 30.431135177612305, 76.38675689697266, 57.33323669433594, 55.326316833496094, 34.61924362182617, 44.72764587402344, 38.23953628540039, 77.9224853515625, 48.24485397338867, 42.23412322998047, 33.52628707885742, 54.50679016113281, 72.69365692138672, 27.292829513549805, 39.0336799621582, 31.331226348876953, 41.450286865234375, 44.47593688964844]",48.88717384338379,17.04186243735359,"[40.911428374039176, 56.86291931272841]",20,0,0,,,,,
paired_comparison,delayed_copy,identity,,,,,,,,,,,,,,,,in_distribution,,,,,,,,,,,,,,,,,,,evaluation,logit_rms,tanh,20,"[0, 1, 2, 3, 4, 5, 6, 7, 8, 9, 10, 11, 12, 13, 14, 15, 16, 17, 18, 19]","[8.140727036961092, 1.8123484679581932, 0.16095410281232425, 5.8230554839863355, 1.789093177650594, 3.785347594987841, 3.3289271949051287, 1.9919786921569402, 3.123519025160517, 2.210029255309095, 1.1303914304936935, 1.3775311257740617, 3.8173313540898226, 3.21258687047568, 0.5175372594659899, -0.10522707186186508, 1.3726941999815798, 1.782563255816795, 0.8431252100002231, 1.1714799630895483]",2.3642996814606794,1.9788857303002807,"[1.4381632949118326, 3.290436068009526]",19,0,1,,,,,
paired_comparison,delayed_copy,identity,,,,,,,,,,,,,,,,in_distribution,,,,,,,,,,,,,,,,,,,evaluation,logit_max_abs,tanh,20,"[0, 1, 2, 3, 4, 5, 6, 7, 8, 9, 10, 11, 12, 13, 14, 15, 16, 17, 18, 19]","[138.56039237976074, 29.44211196899414, 20.379379272460938, 107.7667064666748, 18.544551849365234, 57.50752830505371, 37.58964729309082, 26.973661422729492, 32.44057273864746, 47.1420259475708, 27.772871017456055, 15.281698226928711, 40.96291542053223, 40.38846206665039, 19.203285217285156, 1.0104293823242188, 19.67420196533203, 35.81253528594971, 23.840492248535156, 34.17977333068848]",38.72366209030152,31.839049069523877,"[23.82269969267697, 53.62462448792606]",20,0,0,,,,,
paired_comparison,delayed_copy,identity,,,,,,,,,,,,,,,,longer_lengths,,,,,,,,,,,,,,,,,,,evaluation,token_accuracy,tanh,20,"[0, 1, 2, 3, 4, 5, 6, 7, 8, 9, 10, 11, 12, 13, 14, 15, 16, 17, 18, 19]","[0.0622788393489031, 0.006437768240343367, -0.017216642754662836, 0.10042432814710045, 0.043540328336902134, 0.02065527065527062, 0.13114754098360648, 0.008528784648187626, -0.04329311568488292, 0.0240452616690241, -0.021023125437981793, -0.007773851590106018, -0.016231474947071223, 0.08427762039660047, 0.02799712849964109, -0.04252303330970941, 0.008468595624558928, 0.007112375533428139, -0.000710732054015617, 0.04323175053153794]",0.02096868084183373,0.04588747953928007,"[-0.0005070738405218954, 0.04244443552418936]",13,0,7,,,,,
paired_comparison,delayed_copy,identity,,,,,,,,,,,,,,,,longer_lengths,,,,,,,,,,,,,,,,,,,evaluation,exact_sequence_accuracy,tanh,20,"[0, 1, 2, 3, 4, 5, 6, 7, 8, 9, 10, 11, 12, 13, 14, 15, 16, 17, 18, 19]","[0.0546875, 0.03515625, -0.01171875, 0.08984375, 0.08984375, 0.04296875, 0.1171875, 0.02734375, 0.015625, 0.03125, -0.0078125, -0.00390625, 0.0390625, 0.03515625, 0.08203125, 0.0, 0.01953125, 0.0078125, 0.03515625, 0.07421875]",0.038671875,0.03620067751051622,"[0.0217296311165585, 0.055614118883441505]",16,1,3,,,,,
paired_comparison,delayed_copy,identity,,,,,,,,,,,,,,,,longer_lengths,,,,,,,,,,,,,,,,,,,evaluation,recurrent_state_rms,tanh,20,"[0, 1, 2, 3, 4, 5, 6, 7, 8, 9, 10, 11, 12, 13, 14, 15, 16, 17, 18, 19]","[7.40222783013104, 5.752791219067502, 3.853669452645892, 7.447711951605806, 7.951287129174217, 6.305329464350091, 7.458005163670688, 6.192157703793767, 5.579556025849803, 6.327061039757192, 4.560242179666102, 6.000629507110661, 4.779153105159331, 8.795857369045207, 9.755277729342893, 3.175502488411258, 5.270390210965054, 5.637924129235189, 5.216772862209029, 7.304624296556674]",6.23830854288737,1.6283724202322387,"[5.476215549776118, 7.000401535998622]",20,0,0,,,,,
paired_comparison,delayed_copy,identity,,,,,,,,,,,,,,,,longer_lengths,,,,,,,,,,,,,,,,,,,evaluation,recurrent_state_max_abs,tanh,20,"[0, 1, 2, 3, 4, 5, 6, 7, 8, 9, 10, 11, 12, 13, 14, 15, 16, 17, 18, 19]","[159.57737731933594, 91.14618682861328, 56.221805572509766, 92.82149505615234, 110.39630889892578, 94.2731704711914, 75.6800308227539, 132.13424682617188, 81.39683532714844, 106.21571350097656, 85.44922637939453, 96.8907699584961, 60.534610748291016, 172.45779418945312, 184.90835571289062, 60.03263854980469, 70.51465606689453, 103.22859954833984, 68.4441909790039, 138.88882446289062]",102.06064186096191,37.61608892918792,"[84.45597265568554, 119.66531106623827]",20,0,0,,,,,
paired_comparison,delayed_copy,identity,,,,,,,,,,,,,,,,longer_lengths,,,,,,,,,,,,,,,,,,,evaluation,logit_rms,tanh,20,"[0, 1, 2, 3, 4, 5, 6, 7, 8, 9, 10, 11, 12, 13, 14, 15, 16, 17, 18, 19]","[14.935844675559611, 5.817852677310144, 3.9535345753757642, 10.744828446082867, 8.207420189268412, 7.653349997997022, 7.973679753336603, 6.37263967202151, 7.024961846960991, 6.617398743639532, 5.08809360236299, 5.206439446316706, 6.829333683124382, 12.271915764070531, 5.567832534272433, 1.6224201615063798, 5.937461091981641, 4.7537561594165005, 4.487677006245494, 5.762808091608187]",6.841462405922885,2.9932505564597154,"[5.440594123359508, 8.24233068848626]",20,0,0,,,,,
paired_comparison,delayed_copy,identity,,,,,,,,,,,,,,,,longer_lengths,,,,,,,,,,,,,,,,,,,evaluation,logit_max_abs,tanh,20,"[0, 1, 2, 3, 4, 5, 6, 7, 8, 9, 10, 11, 12, 13, 14, 15, 16, 17, 18, 19]","[243.68291854858398, 59.55979537963867, 72.18266296386719, 157.28204727172852, 70.75451469421387, 102.61951637268066, 90.9945068359375, 76.36179733276367, 71.5025863647461, 79.4558458328247, 56.98715305328369, 64.91239070892334, 89.64590454101562, 143.70829963684082, 91.35878372192383, 22.296001434326172, 71.41591167449951, 66.7976655960083, 50.03728675842285, 114.11648750305176]",89.78360381126404,47.467642825546655,"[67.56831844571025, 111.99888917681784]",20,0,0,,,,,
paired_comparison,delayed_copy,identity,,,,,,,,,,,,,,,,,,,,,,,,,,,,,,,,,,,threshold,threshold_0_90_step,tanh,20,,"[-425, -625, -375, -725, -575, -250, -200, -375, -425, -400, 150, -575, -50, -75, -200]",-341.6666666666667,239.35677693908454,"[-474.21885429268985, -209.11447904064352]",,,,15,5,0,0,"[0, 1, 4, 6, 8, 9, 10, 12, 13, 14, 15, 16, 17, 18, 19]"
paired_comparison,delayed_copy,identity,,,,,,,,,,,,,,,,,,,,,,,,,,,,,,,,,,,threshold,threshold_0_99_step,tanh,20,,[],,,,,,,0,0,0,20,[]
paired_comparison,delayed_copy,softsign,,,,,,,,,,,,,,,,in_distribution,,,,,,,,,,,,,,,,,,,evaluation,token_accuracy,tanh,20,"[0, 1, 2, 3, 4, 5, 6, 7, 8, 9, 10, 11, 12, 13, 14, 15, 16, 17, 18, 19]","[-0.11026615969581743, -0.032258064516129004, -0.024675324675324628, 0.006353240152477735, -0.04615384615384621, 0.02688860435339302, -0.03221649484536082, -0.007712082262210762, -0.1397435897435897, -0.014230271668822847, -0.08398950131233596, 0.00390625, -0.019255455712451908, -0.2284263959390863, -0.12706480304955536, -0.06349206349206349, 0.0, -0.09523809523809523, -0.07682291666666663, -0.05813953488372092]",-0.05612682526746032,0.061845823463419713,"[-0.08507122897330643, -0.027182421561614215]",3,1,16,,,,,
paired_comparison,delayed_copy,softsign,,,,,,,,,,,,,,,,in_distribution,,,,,,,,,,,,,,,,,,,evaluation,exact_sequence_accuracy,tanh,20,"[0, 1, 2, 3, 4, 5, 6, 7, 8, 9, 10, 11, 12, 13, 14, 15, 16, 17, 18, 19]","[-0.2109375, -0.0546875, -0.04296875, 0.10546875, -0.1171875, 0.0390625, -0.06640625, 0.00390625, -0.20703125, -0.01171875, -0.15625, 0.0078125, -0.03125, -0.40625, -0.25, -0.1328125, -0.00390625, -0.21875, -0.16015625, -0.109375]",-0.101171875,0.12020444887438268,"[-0.157428642241797, -0.04491510775820298]",4,0,16,,,,,
paired_comparison,delayed_copy,softsign,,,,,,,,,,,,,,,,in_distribution,,,,,,,,,,,,,,,,,,,evaluation,recurrent_state_rms,tanh,20,"[0, 1, 2, 3, 4, 5, 6, 7, 8, 9, 10, 11, 12, 13, 14, 15, 16, 17, 18, 19]","[-0.23008277072011907, -0.20455138961574693, -0.23030104735061063, -0.24920515697357026, -0.21255318328367456, -0.24191200300822113, -0.2058831888227418, -0.21475973321162178, -0.17103415193870286, -0.26198338324713666, -0.19602364274163375, -0.3020270468812447, -0.25138120758066473, -0.2065631831821273, -0.1721127360965794, -0.23714658705557368, -0.24517152629200334, -0.17927491958078245, -0.2275929237357035, -0.2276064922005714]",-0.2233583136759515,0.032003189493921703,"[-0.2383360952740032, -0.20838053207789978]",0,0,20,,,,,
paired_comparison,delayed_copy,softsign,,,,,,,,,,,,,,,,in_distribution,,,,,,,,,,,,,,,,,,,evaluation,recurrent_state_max_abs,tanh,20,"[0, 1, 2, 3, 4, 5, 6, 7, 8, 9, 10, 11, 12, 13, 14, 15, 16, 17, 18, 19]","[-0.05688190460205078, -0.037298381328582764, -0.0554964542388916, -0.0552140474319458, -0.050207674503326416, -0.04370957612991333, -0.05183619260787964, -0.03231215476989746, -0.05145663022994995, -0.05156981945037842, -0.04704028367996216, -0.07862675189971924, -0.038761913776397705, -0.043284475803375244, -0.03382593393325806, -0.03569447994232178, -0.04255408048629761, -0.052875518798828125, -0.050473153591156006, -0.04618072509765625]",-0.047765007615089415,0.01044037813607191,"[-0.052651198835275734, -0.042878816394903096]",0,0,20,,,,,
paired_comparison,delayed_copy,softsign,,,,,,,,,,,,,,,,in_distribution,,,,,,,,,,,,,,,,,,,evaluation,logit_rms,tanh,20,"[0, 1, 2, 3, 4, 5, 6, 7, 8, 9, 10, 11, 12, 13, 14, 15, 16, 17, 18, 19]","[0.39879337407067705, 1.9827611370288603, -0.13217434768435954, 1.4884222104718816, -0.09937404905139857, -0.5741348104781716, 0.9678263023601801, 0.12810679565974858, 1.997448800859324, 0.21895418577615455, -0.12537763655431, 0.9238935782172844, 0.6187571888416636, 0.917888737586086, 0.3369283363487474, 0.20824741745915087, 0.3081703633229642, 1.345076387565106, -0.2627402690746248, -0.17847308237888893]",0.5234500310173038,0.7409186680444082,"[0.17669340558794738, 0.8702066564466602]",14,0,6,,,,,
paired_comparison,delayed_copy,softsign,,,,,,,,,,,,,,,,in_distribution,,,,,,,,,,,,,,,,,,,evaluation,logit_max_abs,tanh,20,"[0, 1, 2, 3, 4, 5, 6, 7, 8, 9, 10, 11, 12, 13, 14, 15, 16, 17, 18, 19]","[3.4358177185058594, 14.514089584350586, 0.6533069610595703, 7.194690704345703, -3.155388832092285, -5.553977966308594, 8.101175308227539, 5.887866973876953, 17.26597023010254, 4.868910789489746, -0.3772401809692383, 8.801067352294922, 1.8432579040527344, -4.945793151855469, -3.263835906982422, -0.48528289794921875, 3.1211605072021484, 6.175847053527832, 3.0553512573242188, 0.4910125732421875]",3.381400299072266,5.994306678671509,"[0.5760106587073079, 6.186789939437224]",14,0,6,,,,,
paired_comparison,delayed_copy,softsign,,,,,,,,,,,,,,,,longer_lengths,,,,,,,,,,,,,,,,,,,evaluation,token_accuracy,tanh,20,"[0, 1, 2, 3, 4, 5, 6, 7, 8, 9, 10, 11, 12, 13, 14, 15, 16, 17, 18, 19]","[-0.02689313517338987, -0.0636623748211731, -0.008608321377331474, 0.04950495049504955, -0.047109207708779466, 0.03205128205128205, -0.005702066999287325, -0.014925373134328401, -0.12633073101490422, -0.01980198019801982, -0.07568325157673439, -0.028975265017667895, -0.022582921665490474, -0.041076487252124705, -0.08470926058865758, -0.07937632884479096, -0.011291460832745237, 0.0, -0.051883439943141374, -0.051027639971651384]",-0.0339041506786943,0.040929222228435286,"[-0.05305939617796113, -0.014748905179427476]",2,1,17,,,,,
paired_comparison,delayed_copy,softsign,,,,,,,,,,,,,,,,longer_lengths,,,,,,,,,,,,,,,,,,,evaluation,exact_sequence_accuracy,tanh,20,"[0, 1, 2, 3, 4, 5, 6, 7, 8, 9, 10, 11, 12, 13, 14, 15, 16, 17, 18, 19]","[0.0, -0.0078125, -0.02734375, 0.0234375, -0.03515625, 0.0078125, -0.015625, 0.00390625, -0.01171875, -0.01953125, -0.04296875, -0.02734375, -0.0078125, -0.0234375, -0.0234375, -0.03125, -0.0234375, -0.02734375, -0.01953125, 0.015625]",-0.0146484375,0.01746353365472475,"[-0.02282152890579165, -0.006475346094208349]",4,1,15,,,,,
paired_comparison,delayed_copy,softsign,,,,,,,,,,,,,,,,longer_lengths,,,,,,,,,,,,,,,,,,,evaluation,recurrent_state_rms,tanh,20,"[0, 1, 2, 3, 4, 5, 6, 7, 8, 9, 10, 11, 12, 13, 14, 15, 16, 17, 18, 19]","[-0.24090638177314694, -0.21355856488316816, -0.22647833424915664, -0.2519654763608702, -0.21165920698466412, -0.24959022311781798, -0.2085842316811658, -0.2142363014575034, -0.17276333887968542, -0.27175785086001514, -0.2020432990931742, -0.30849910735435826, -0.24953284949425847, -0.22678812575046547, -0.17014637392284704, -0.23323019935123823, -0.24178545479669578, -0.1737195786902005, -0.23721535002393757, -0.234448721994174]",-0.22694544853592716,0.03360079425738955,"[-0.24267092358596348, -0.21121997348589083]",0,0,20,,,,,
paired_comparison,delayed_copy,softsign,,,,,,,,,,,,,,,,longer_lengths,,,,,,,,,,,,,,,,,,,evaluation,recurrent_state_max_abs,tanh,20,"[0, 1, 2, 3, 4, 5, 6, 7, 8, 9, 10, 11, 12, 13, 14, 15, 16, 17, 18, 19]","[-0.055271029472351074, -0.03724390268325806, -0.05560266971588135, -0.05482238531112671, -0.04894554615020752, -0.044788241386413574, -0.05298817157745361, -0.03230160474777222, -0.05508476495742798, -0.05382758378982544, -0.04726773500442505, -0.07603716850280762, -0.03998386859893799, -0.0417017936706543, -0.034639954566955566, -0.03524225950241089, -0.042768776416778564, -0.052936851978302, -0.04727381467819214, -0.04732811450958252]",-0.04780281186103821,0.010061200739599525,"[-0.05251154463657919, -0.04309407908549722]",0,0,20,,,,,
paired_comparison,delayed_copy,softsign,,,,,,,,,,,,,,,,longer_lengths,,,,,,,,,,,,,,,,,,,evaluation,logit_rms,tanh,20,"[0, 1, 2, 3, 4, 5, 6, 7, 8, 9, 10, 11, 12, 13, 14, 15, 16, 17, 18, 19]","[0.3247728860285646, 1.4300818157740984, 0.3343226628007523, 1.8996327541970892, -0.06122295315574622, -0.3827992126995934, 0.9478661323518489, -0.05423504753968533, 1.9506912096238072, 0.39890149823926624, -0.2018031695286, 0.8366941506077232, 0.36328390925557086, 0.5571756402206773, 0.1771907003753599, 0.09764025837093726, 0.18250236450619095, 0.9962639790247048, -0.4257048607181275, 0.1646504648294318]",0.4767952591282135,0.6805037658935374,"[0.15831335331251528, 0.7952771649439118]",15,0,5,,,,,
paired_comparison,delayed_copy,softsign,,,,,,,,,,,,,,,,longer_lengths,,,,,,,,,,,,,,,,,,,evaluation,logit_max_abs,tanh,20,"[0, 1, 2, 3, 4, 5, 6, 7, 8, 9, 10, 11, 12, 13, 14, 15, 16, 17, 18, 19]","[4.699300765991211, 15.21701431274414, 1.164896011352539, 12.770318984985352, -2.9894981384277344, -5.862882614135742, 7.000984191894531, 3.985107421875, 14.267688751220703, 5.652861595153809, 0.4666013717651367, 8.495736122131348, 2.208087921142578, -4.170345306396484, -3.7651805877685547, -0.7425460815429688, 4.785443305969238, 7.9361162185668945, 4.875383377075195, 1.6529293060302734]",3.8824008464813233,5.991748632558856,"[1.078208394790336, 6.68659329817231]",15,0,5,,,,,
paired_comparison,delayed_copy,softsign,,,,,,,,,,,,,,,,,,,,,,,,,,,,,,,,,,,threshold,threshold_0_90_step,tanh,20,,"[400, 375, 125]",300,152.0690632574555,"[-77.76464501999567, 677.7646450199957]",,,,3,1,12,4,"[4, 9, 12]"
paired_comparison,delayed_copy,softsign,,,,,,,,,,,,,,,,,,,,,,,,,,,,,,,,,,,threshold,threshold_0_99_step,tanh,20,,[],,,,,,,0,0,0,20,[]
paired_comparison,two_palindrome,relu,,,,,,,,,,,,,,,,in_distribution,,,,,,,,,,,,,,,,,,,evaluation,token_accuracy,tanh,20,"[0, 1, 2, 3, 4, 5, 6, 7, 8, 9, 10, 11, 12, 13, 14, 15, 16, 17, 18, 19]","[0.058639562157935865, 0.08442056792018415, -0.013986013986013957, 0.039012738853503204, 0.03624901497241928, 0.018575851393188847, 0.12313725490196081, 0.04616588419405321, 0.06449106449106456, 0.06597774244833066, -0.06070038910505837, -0.029757243539545786, 0.06341840680587785, 0.03775038520801233, -0.006163328197226536, 0.06171874999999993, 0.031152647975077885, 0.10542879622344614, 0.03912363067292646, 0.19347319347319347]",0.0479064258431665,0.05561156015977959,"[0.021879713644424852, 0.07393313804190814]",16,0,4,,,,,
paired_comparison,two_palindrome,relu,,,,,,,,,,,,,,,,in_distribution,,,,,,,,,,,,,,,,,,,evaluation,exact_sequence_accuracy,tanh,20,"[0, 1, 2, 3, 4, 5, 6, 7, 8, 9, 10, 11, 12, 13, 14, 15, 16, 17, 18, 19]","[0.1015625, 0.2109375, -0.1640625, 0.09375, -0.0546875, 0.01953125, 0.29296875, 0.11328125, 0.12109375, 0.11328125, -0.2734375, -0.078125, 0.06640625, 0.0234375, -0.16796875, 0.15234375, 0.125, 0.30859375, -0.03515625, 0.453125]",0.07109375,0.17375522846875793,"[-0.010225265531839875, 0.15241276553183986]",14,0,6,,,,,
paired_comparison,two_palindrome,relu,,,,,,,,,,,,,,,,in_distribution,,,,,,,,,,,,,,,,,,,evaluation,recurrent_state_rms,tanh,20,"[0, 1, 2, 3, 4, 5, 6, 7, 8, 9, 10, 11, 12, 13, 14, 15, 16, 17, 18, 19]","[4.329057108178238, 5.635881053538386, 4.610060219546996, 4.640767123814441, 7.798258654517396, 4.745520544017048, 4.31326613233502, 3.302547844502171, 5.2530697016219055, 4.32952671137749, 5.006484876487992, 5.011879888809648, 5.469291636014816, 5.130300797116243, 4.267110066991607, 5.026644961207581, 4.078950943275684, 4.6275186142269, 2.794142726588247, 5.384449648793101]",4.787736462648046,0.9939804807616536,"[4.322544624303244, 5.252928300992847]",20,0,0,,,,,
paired_comparison,two_palindrome,relu,,,,,,,,,,,,,,,,in_distribution,,,,,,,,,,,,,,,,,,,evaluation,recurrent_state_max_abs,tanh,20,"[0, 1, 2, 3, 4, 5, 6, 7, 8, 9, 10, 11, 12, 13, 14, 15, 16, 17, 18, 19]","[46.43185806274414, 56.42666244506836, 64.16143798828125, 54.24191665649414, 140.29478454589844, 105.97254943847656, 54.742401123046875, 40.730072021484375, 79.40357208251953, 49.636871337890625, 84.0691909790039, 105.93547821044922, 118.07215118408203, 85.91558074951172, 47.22382354736328, 98.16166687011719, 68.25170135498047, 86.89970397949219, 38.27715301513672, 80.45498657226562]",75.26517810821534,28.158684915064523,"[62.08665936006704, 88.44369685636363]",20,0,0,,,,,
paired_comparison,two_palindrome,relu,,,,,,,,,,,,,,,,in_distribution,,,,,,,,,,,,,,,,,,,evaluation,logit_rms,tanh,20,"[0, 1, 2, 3, 4, 5, 6, 7, 8, 9, 10, 11, 12, 13, 14, 15, 16, 17, 18, 19]","[4.668800670203952, 2.2675492595464917, 1.5211608167306947, 1.7703096066241955, 4.320142357984942, 1.5671004224061136, 5.893997070517081, 3.0893848079400072, 3.6304272345833075, 2.057943403178988, 5.965670634641534, 3.5705399139223557, 2.977919126550252, 4.056939064515635, 3.362130046469442, 5.0678174611323525, 2.746520116445719, 3.209829239487365, 2.4136368319507504, 3.8344108457163504]",3.3996114465273766,1.3195786592780234,"[2.7820367212372634, 4.01718617181749]",20,0,0,,,,,
paired_comparison,two_palindrome,relu,,,,,,,,,,,,,,,,in_distribution,,,,,,,,,,,,,,,,,,,evaluation,logit_max_abs,tanh,20,"[0, 1, 2, 3, 4, 5, 6, 7, 8, 9, 10, 11, 12, 13, 14, 15, 16, 17, 18, 19]","[60.0152702331543, 17.458309173583984, 22.112930297851562, 22.01691246032715, 54.760955810546875, 44.368797302246094, 43.88616371154785, 6.6326751708984375, 39.57511520385742, 18.828781127929688, 111.39781188964844, 7.9967041015625, 25.41172218322754, 29.842082977294922, 22.64351463317871, 36.071889877319336, 22.22422218322754, 9.980178833007812, 28.423269271850586, 22.856895446777344]",32.325210094451904,23.60585940059852,"[21.277454788574282, 43.37296540032953]",20,0,0,,,,,
paired_comparison,two_palindrome,relu,,,,,,,,,,,,,,,,longer_lengths,,,,,,,,,,,,,,,,,,,evaluation,token_accuracy,tanh,20,"[0, 1, 2, 3, 4, 5, 6, 7, 8, 9, 10, 11, 12, 13, 14, 15, 16, 17, 18, 19]","[-0.0313573883161512, 0.05254016500217107, -0.0492589363557106, -0.04134029590948651, -0.0493449781659388, -0.07739396589418457, -0.0039045553145337086, -0.04251626898047717, -0.045493934142114334, -0.06341673856773078, -0.1178494623655914, -0.07319185794716332, -0.11790203727784998, -0.0273081924577373, -0.031128404669260756, 0.0013037809647979404, -0.06285218899003031, -0.03190559440559437, -0.045415224913494756, 0.03686036426712924]",-0.041043785721947584,0.0421643561961752,"[-0.06077708506852413, -0.021310486375371036]",3,0,17,,,,,
paired_comparison,two_palindrome,relu,,,,,,,,,,,,,,,,longer_lengths,,,,,,,,,,,,,,,,,,,evaluation,exact_sequence_accuracy,tanh,20,"[0, 1, 2, 3, 4, 5, 6, 7, 8, 9, 10, 11, 12, 13, 14, 15, 16, 17, 18, 19]","[-0.01171875, 0.0, -0.01171875, -0.00390625, -0.00390625, 0.0, 0.00390625, -0.0078125, 0.0, 0.0, 0.0, 0.00390625, -0.015625, 0.0, 0.0, 0.00390625, -0.00390625, -0.00390625, 0.0, -0.00390625]",-0.002734375,0.005391846495855425,"[-0.005257807835982837, -0.00021094216401716225]",3,8,9,,,,,
paired_comparison,two_palindrome,relu,,,,,,,,,,,,,,,,longer_lengths,,,,,,,,,,,,,,,,,,,evaluation,recurrent_state_rms,tanh,20,"[0, 1, 2, 3, 4, 5, 6, 7, 8, 9, 10, 11, 12, 13, 14, 15, 16, 17, 18, 19]","[6.012029907444674, 8.187957267221911, 7.329635230458489, 6.107708094662419, 15.053011124334624, 8.06773373251581, 5.958472797122553, 4.0300610700944635, 8.294429736197669, 5.932941095256594, 6.361898804147634, 6.613435485756139, 10.438774609121744, 7.818749679808232, 5.83412393441426, 6.687467349457291, 4.894239685398434, 5.649970470545479, 3.8425110345196343, 8.239122081221781]",7.067713659484991,2.4514445645805507,"[5.920415472377982, 8.215011846592]",20,0,0,,,,,
paired_comparison,two_palindrome,relu,,,,,,,,,,,,,,,,longer_lengths,,,,,,,,,,,,,,,,,,,evaluation,recurrent_state_max_abs,tanh,20,"[0, 1, 2, 3, 4, 5, 6, 7, 8, 9, 10, 11, 12, 13, 14, 15, 16, 17, 18, 19]","[79.56744384765625, 128.0689697265625, 149.35043334960938, 90.37918853759766, 285.9764404296875, 209.26502990722656, 148.94529724121094, 68.00647735595703, 256.52886962890625, 87.4742431640625, 141.95469665527344, 214.04444885253906, 302.8819885253906, 340.9610900878906, 84.44286346435547, 194.7234344482422, 122.70281982421875, 121.44642639160156, 72.87674713134766, 143.40809631347656]",162.15025024414064,82.04085551370522,"[123.75438922425775, 200.54611126402352]",20,0,0,,,,,
paired_comparison,two_palindrome,relu,,,,,,,,,,,,,,,,longer_lengths,,,,,,,,,,,,,,,,,,,evaluation,logit_rms,tanh,20,"[0, 1, 2, 3, 4, 5, 6, 7, 8, 9, 10, 11, 12, 13, 14, 15, 16, 17, 18, 19]","[5.871807563656962, 4.006252714266303, 2.8183167263486633, 2.194050798182965, 28.49456262161347, 4.850376212262191, 7.5691069061682485, 3.7369715668480454, 6.04551312221888, 3.462952626522859, 9.370563838040054, 5.861351052633512, 7.503104894363531, 6.654666755888616, 4.686021218751599, 8.096700581538524, 4.349049171810536, 3.4771516740672634, 2.7052546491094756, 6.405674598585989]",6.407972464643884,5.557928891768589,"[3.806811568033184, 9.009133361254584]",20,0,0,,,,,
paired_comparison,two_palindrome,relu,,,,,,,,,,,,,,,,longer_lengths,,,,,,,,,,,,,,,,,,,evaluation,logit_max_abs,tanh,20,"[0, 1, 2, 3, 4, 5, 6, 7, 8, 9, 10, 11, 12, 13, 14, 15, 16, 17, 18, 19]","[73.93952751159668, 38.26642417907715, 44.661563873291016, 43.588191986083984, 365.02508544921875, 176.4539451599121, 54.67176055908203, 18.969064712524414, 111.45600318908691, 30.93213653564453, 239.05559921264648, 78.41223907470703, 112.31439399719238, 199.9217987060547, 49.80208778381348, 152.90357971191406, 83.03439712524414, 24.241321563720703, 62.47285842895508, 50.00410270690918]",100.50630407333374,87.5177182188191,"[59.54722186403503, 141.46538628263244]",20,0,0,,,,,
paired_comparison,two_palindrome,relu,,,,,,,,,,,,,,,,fixed_block_length_3,,,,,,,,,,,,,,,,,,,evaluation,token_accuracy,tanh,20,"[0, 1, 2, 3, 4, 5, 6, 7, 8, 9, 10, 11, 12, 13, 14, 15, 16, 17, 18, 19]","[0.05777994791666663, 0.11881510416666674, 0.013671875, 0.07421875, 0.06884765625, 0.05826822916666663, 0.13818359375, 0.0517578125, 0.10970052083333337, 0.08333333333333337, -0.02945963541666663, -0.02734375, 0.05338541666666663, 0.04541015625, 0.03434244791666663, 0.10856119791666663, 0.01953125, 0.1220703125, 0.06770833333333337, 0.1962890625]",0.06825358072916667,0.05465504217691258,"[0.04267452758155528, 0.09383263387677805]",18,0,2,,,,,
paired_comparison,two_palindrome,relu,,,,,,,,,,,,,,,,fixed_block_length_3,,,,,,,,,,,,,,,,,,,evaluation,exact_sequence_accuracy,tanh,20,"[0, 1, 2, 3, 4, 5, 6, 7, 8, 9, 10, 11, 12, 13, 14, 15, 16, 17, 18, 19]","[0.072265625, 0.259765625, -0.1005859375, 0.15625, -0.021484375, 0.017578125, 0.234375, 0.041015625, 0.1416015625, 0.041015625, -0.1103515625, -0.0615234375, 0.060546875, 0.0361328125, -0.0556640625, 0.1806640625, 0.0244140625, 0.271484375, 0.056640625, 0.3544921875]",0.079931640625,0.129454992236195,"[0.019345535578830488, 0.1405177456711695]",15,0,5,,,,,
paired_comparison,two_palindrome,relu,,,,,,,,,,,,,,,,fixed_block_length_3,,,,,,,,,,,,,,,,,,,evaluation,recurrent_state_rms,tanh,20,"[0, 1, 2, 3, 4, 5, 6, 7, 8, 9, 10, 11, 12, 13, 14, 15, 16, 17, 18, 19]","[4.060770391829711, 5.581808309860168, 4.067386818931466, 4.320111633187091, 6.504220112410888, 4.079097258591393, 4.174950169286937, 3.0994672685123716, 4.965560967244057, 3.6490258165028697, 3.9506896566149097, 4.49867467261714, 4.9283105315313165, 4.59581067620464, 4.066434076161946, 4.555075899353552, 3.851584742452402, 3.787364695458498, 2.7352192460433744, 4.85508844200059]",4.3163325692397665,0.8260367787604666,"[3.929739899575318, 4.702925238904215]",20,0,0,,,,,
paired_comparison,two_palindrome,relu,,,,,,,,,,,,,,,,fixed_block_length_3,,,,,,,,,,,,,,,,,,,evaluation,recurrent_state_max_abs,tanh,20,"[0, 1, 2, 3, 4, 5, 6, 7, 8, 9, 10, 11, 12, 13, 14, 15, 16, 17, 18, 19]","[45.50554656982422, 61.10859298706055, 58.6370735168457, 53.82620620727539, 131.6593017578125, 87.34403991699219, 63.508018493652344, 42.179039001464844, 90.03015899658203, 53.55851364135742, 65.3060302734375, 86.09112548828125, 92.06290435791016, 80.62451934814453, 50.20869827270508, 85.88004302978516, 53.95840072631836, 59.48859786987305, 38.36160659790039, 72.5946273803711]",68.59665222167969,22.38508168144524,"[58.12023190916947, 79.0730725341899]",20,0,0,,,,,
paired_comparison,two_palindrome,relu,,,,,,,,,,,,,,,,fixed_block_length_3,,,,,,,,,,,,,,,,,,,evaluation,logit_rms,tanh,20,"[0, 1, 2, 3, 4, 5, 6, 7, 8, 9, 10, 11, 12, 13, 14, 15, 16, 17, 18, 19]","[3.993128814446745, 2.6667730392041564, 1.8498777546138916, 1.5211495369255426, 3.4240746675697826, 2.138248364595823, 6.460807956722705, 3.2404022304837348, 4.132329978161446, 2.2461562657215843, 2.834930926899415, 3.9052592773264108, 3.314904728613212, 3.365800413805842, 3.0011965159239518, 5.602368485961973, 2.9503434810741993, 2.2392587537779125, 2.554717330182333, 3.6621575955329266]",3.2551943058771795,1.196101046599154,"[2.695408218038474, 3.814980393715885]",20,0,0,,,,,
paired_comparison,two_palindrome,relu,,,,,,,,,,,,,,,,fixed_block_length_3,,,,,,,,,,,,,,,,,,,evaluation,logit_max_abs,tanh,20,"[0, 1, 2, 3, 4, 5, 6, 7, 8, 9, 10, 11, 12, 13, 14, 15, 16, 17, 18, 19]","[30.58293342590332, 22.556222915649414, 23.231468200683594, 22.952171325683594, 68.12425994873047, 22.66490936279297, 50.92525291442871, 11.902280807495117, 57.891767501831055, 21.577756881713867, 78.17047882080078, 14.771331787109375, 33.08086585998535, 26.616966247558594, 20.32615089416504, 36.866615295410156, 22.965442657470703, 8.956184387207031, 32.661760330200195, 21.80496597290039]",31.431489276885987,18.513638054648652,"[22.766939531912218, 40.09603902185975]",20,0,0,,,,,
paired_comparison,two_palindrome,relu,,,,,,,,,,,,,,,,fixed_block_length_4,,,,,,,,,,,,,,,,,,,evaluation,token_accuracy,tanh,20,"[0, 1, 2, 3, 4, 5, 6, 7, 8, 9, 10, 11, 12, 13, 14, 15, 16, 17, 18, 19]","[0.001708984375, 0.0638427734375, -0.01416015625, -0.01806640625, 0.013671875, -0.0238037109375, 0.01953125, 0.0286865234375, 0.0311279296875, -0.0302734375, -0.07666015625, -0.0294189453125, -0.0916748046875, -0.0169677734375, 0.0069580078125, 0.0709228515625, -0.038818359375, 0.0079345703125, -0.0184326171875, 0.064208984375]",-0.002484130859375,0.04284054324259898,"[-0.02253389184808539, 0.017565630129335392]",10,0,10,,,,,
paired_comparison,two_palindrome,relu,,,,,,,,,,,,,,,,fixed_block_length_4,,,,,,,,,,,,,,,,,,,evaluation,exact_sequence_accuracy,tanh,20,"[0, 1, 2, 3, 4, 5, 6, 7, 8, 9, 10, 11, 12, 13, 14, 15, 16, 17, 18, 19]","[-0.00390625, 0.009765625, -0.0029296875, -0.009765625, -0.0029296875, -0.00390625, 0.0078125, 0.0068359375, 0.0087890625, -0.0009765625, -0.0048828125, -0.0078125, -0.005859375, -0.005859375, -0.0029296875, -0.0009765625, -0.013671875, 0.001953125, -0.0068359375, 0.0048828125]",-0.00166015625,0.006463043792099335,"[-0.004684919091062863, 0.001364606591062863]",6,0,14,,,,,
paired_comparison,two_palindrome,relu,,,,,,,,,,,,,,,,fixed_block_length_4,,,,,,,,,,,,,,,,,,,evaluation,recurrent_state_rms,tanh,20,"[0, 1, 2, 3, 4, 5, 6, 7, 8, 9, 10, 11, 12, 13, 14, 15, 16, 17, 18, 19]","[4.724688638879494, 6.701108814530772, 5.0972769891130785, 4.958845652693784, 8.570406735796892, 5.306461377189773, 4.847970629581467, 3.4573965886590416, 6.175524951992972, 4.449469335424077, 4.730912891030096, 5.209994578499521, 6.67248664458773, 5.391209378802666, 4.815744837867467, 5.142209415843414, 4.248144232075251, 4.279809855875239, 3.2474874623596537, 6.005763535622373]",5.201645627321238,1.2005407923368654,"[4.639781698396631, 5.763509556245844]",20,0,0,,,,,
paired_comparison,two_palindrome,relu,,,,,,,,,,,,,,,,fixed_block_length_4,,,,,,,,,,,,,,,,,,,evaluation,recurrent_state_max_abs,tanh,20,"[0, 1, 2, 3, 4, 5, 6, 7, 8, 9, 10, 11, 12, 13, 14, 15, 16, 17, 18, 19]","[57.23365020751953, 96.17828369140625, 87.4992904663086, 66.81763458251953, 176.86737060546875, 178.1484832763672, 98.75897216796875, 46.27157211303711, 161.68894958496094, 66.47789001464844, 108.5530776977539, 132.97784423828125, 175.97898864746094, 186.87716674804688, 74.86571502685547, 118.41564178466797, 72.53766632080078, 72.20370483398438, 45.53829574584961, 101.16557312011719]",106.25278854370117,47.071354840402215,"[84.22296953276032, 128.28260755464203]",20,0,0,,,,,
paired_comparison,two_palindrome,relu,,,,,,,,,,,,,,,,fixed_block_length_4,,,,,,,,,,,,,,,,,,,evaluation,logit_rms,tanh,20,"[0, 1, 2, 3, 4, 5, 6, 7, 8, 9, 10, 11, 12, 13, 14, 15, 16, 17, 18, 19]","[4.164835463275322, 3.154496966704608, 2.1283811945785907, 1.6610885583839368, 6.494046632126043, 2.774671638187786, 7.282049271040765, 3.456344236554812, 5.026379642526841, 2.7394552920521926, 4.205810048144925, 4.693841064420089, 4.460455850705275, 3.690812282039479, 3.1447870282109314, 6.862750102079285, 3.8748057450358235, 2.356995864647569, 2.9015328208483613, 4.436060760454026]",3.975480023100833,1.5390539314226113,"[3.255188889092178, 4.695771157109488]",20,0,0,,,,,
paired_comparison,two_palindrome,relu,,,,,,,,,,,,,,,,fixed_block_length_4,,,,,,,,,,,,,,,,,,,evaluation,logit_max_abs,tanh,20,"[0, 1, 2, 3, 4, 5, 6, 7, 8, 9, 10, 11, 12, 13, 14, 15, 16, 17, 18, 19]","[41.93210983276367, 29.41538429260254, 33.25212287902832, 34.4788932800293, 152.3487091064453, 70.11759185791016, 59.83216667175293, 18.401599884033203, 67.38576698303223, 28.44392967224121, 192.61307907104492, 38.85850143432617, 62.74817085266113, 88.75400924682617, 25.308019638061523, 65.05082702636719, 35.78325653076172, 12.312801361083984, 46.33495330810547, 37.14444160461426]",57.02581672668457,44.44356502668481,"[36.225827071437145, 77.82580638193198]",20,0,0,,,,,
paired_comparison,two_palindrome,relu,,,,,,,,,,,,,,,,,,,,,,,,,,,,,,,,,,,threshold,threshold_0_90_step,tanh,20,,[],,,,,,,0,6,1,13,[]
paired_comparison,two_palindrome,relu,,,,,,,,,,,,,,,,,,,,,,,,,,,,,,,,,,,threshold,threshold_0_99_step,tanh,20,,[],,,,,,,0,0,0,20,[]
paired_comparison,two_palindrome,identity,,,,,,,,,,,,,,,,in_distribution,,,,,,,,,,,,,,,,,,,evaluation,token_accuracy,tanh,20,"[0, 1, 2, 3, 4, 5, 6, 7, 8, 9, 10, 11, 12, 13, 14, 15, 16, 17, 18, 19]","[0.14777169663799838, 0.15579432079815803, 0.18570318570318578, 0.08678343949044587, 0.23089046493301812, 0.1934984520123838, 0.18509803921568624, 0.14945226917057908, 0.18725718725718732, 0.2193958664546899, 0.1556420233463035, 0.09397024275646038, 0.18870843000773396, 0.2033898305084746, 0.174884437596302, 0.12421874999999993, 0.10825545171339568, 0.15420928402832412, 0.1799687010954617, 0.22299922299922303]",0.16739456478625056,0.04098834099069516,"[0.1482116511725402, 0.18657747839996092]",20,0,0,,,,,
paired_comparison,two_palindrome,identity,,,,,,,,,,,,,,,,in_distribution,,,,,,,,,,,,,,,,,,,evaluation,exact_sequence_accuracy,tanh,20,"[0, 1, 2, 3, 4, 5, 6, 7, 8, 9, 10, 11, 12, 13, 14, 15, 16, 17, 18, 19]","[0.40234375, 0.5234375, 0.57421875, 0.25390625, 0.6953125, 0.5703125, 0.55859375, 0.4921875, 0.55859375, 0.7109375, 0.51953125, 0.36328125, 0.53515625, 0.60546875, 0.4921875, 0.36328125, 0.37109375, 0.50390625, 0.47265625, 0.6015625]",0.5083984375,0.11404979060186005,"[0.4550221058920949, 0.5617747691079051]",20,0,0,,,,,
paired_comparison,two_palindrome,identity,,,,,,,,,,,,,,,,in_distribution,,,,,,,,,,,,,,,,,,,evaluation,recurrent_state_rms,tanh,20,"[0, 1, 2, 3, 4, 5, 6, 7, 8, 9, 10, 11, 12, 13, 14, 15, 16, 17, 18, 19]","[2.3319825688383418, 2.5202217210496425, 3.2155151250639866, 2.6583686037327245, 3.163896129280104, 3.583793782134519, 2.7530875136752573, 2.5029941428752656, 2.7412059988208006, 3.3440566623998293, 1.9232023308715163, 3.158921400261617, 2.496267137180426, 2.477327522527328, 2.084055133524384, 3.5925082565437267, 3.39493566629935, 2.463100266485226, 3.4923147761563795, 5.429981282750553]",2.966386801023549,0.7667815622964689,"[2.607526107602018, 3.3252474944450796]",20,0,0,,,,,
paired_comparison,two_palindrome,identity,,,,,,,,,,,,,,,,in_distribution,,,,,,,,,,,,,,,,,,,evaluation,recurrent_state_max_abs,tanh,20,"[0, 1, 2, 3, 4, 5, 6, 7, 8, 9, 10, 11, 12, 13, 14, 15, 16, 17, 18, 19]","[24.742019653320312, 33.40908432006836, 34.667423248291016, 32.10136032104492, 35.941932678222656, 77.60462951660156, 32.16822052001953, 31.212379455566406, 30.055381774902344, 34.22520065307617, 24.73833656311035, 32.9969482421875, 23.66750717163086, 28.170028686523438, 25.95818519592285, 47.77726364135742, 40.73257827758789, 25.6079044342041, 37.00067901611328, 71.3213119506836]",36.20491876602173,14.371764489587118,"[29.478803241050244, 42.93103429099321]",20,0,0,,,,,
paired_comparison,two_palindrome,identity,,,,,,,,,,,,,,,,in_distribution,,,,,,,,,,,,,,,,,,,evaluation,logit_rms,tanh,20,"[0, 1, 2, 3, 4, 5, 6, 7, 8, 9, 10, 11, 12, 13, 14, 15, 16, 17, 18, 19]","[2.0521198720959166, 2.1142135529638937, 3.5232320834469704, 2.411810733124029, 7.3684165880702714, 2.655783461763513, 2.66192800794921, 4.683583160816687, 1.9730980651115742, 5.2858320821868015, 4.074519569786816, 7.625630957873937, 4.0868259542665, 1.4305046331178062, 2.931581446470318, 4.75392133142839, 3.7196372825685433, 2.2834027462556934, 2.0877959077804062, 8.362964566658798]",3.8043401001868036,2.02217702444922,"[2.857942997155839, 4.750737203217768]",20,0,0,,,,,
paired_comparison,two_palindrome,identity,,,,,,,,,,,,,,,,in_distribution,,,,,,,,,,,,,,,,,,,evaluation,logit_max_abs,tanh,20,"[0, 1, 2, 3, 4, 5, 6, 7, 8, 9, 10, 11, 12, 13, 14, 15, 16, 17, 18, 19]","[21.885826110839844, 20.216670989990234, 30.98822021484375, 27.330400466918945, 44.886322021484375, 35.73746109008789, 31.13618278503418, 54.889225006103516, 12.08108139038086, 41.42891311645508, 28.72724151611328, 38.04885482788086, 53.8924617767334, 0.341156005859375, 29.294965744018555, 54.99056053161621, 42.98151969909668, 19.570560455322266, 18.68695640563965, 79.33103942871094]",34.322280979156496,17.9234674106711,"[25.933936423442262, 42.71062553487073]",20,0,0,,,,,
paired_comparison,two_palindrome,identity,,,,,,,,,,,,,,,,longer_lengths,,,,,,,,,,,,,,,,,,,evaluation,token_accuracy,tanh,20,"[0, 1, 2, 3, 4, 5, 6, 7, 8, 9, 10, 11, 12, 13, 14, 15, 16, 17, 18, 19]","[-0.036941580756013725, -0.016066000868432462, -0.020924149956408122, -0.0648389904264578, 0.011353711790393017, 0.025360734586794886, 0.0004338394793925726, 0.01822125813449027, 0.0004332755632582286, 0.015099223468507339, -0.03354838709677421, -0.014724989172802072, 0.01040312093628093, 0.04247941048981363, 0.023346303501945442, -0.022164276401564487, -0.008669267446900664, 0.031031468531468542, 0.04541522491349481, -0.01344319167389424]",-0.0003871631201704057,0.02825344331399078,"[-0.013610029654465708, 0.012835703414124896]",11,0,9,,,,,
paired_comparison,two_palindrome,identity,,,,,,,,,,,,,,,,longer_lengths,,,,,,,,,,,,,,,,,,,evaluation,exact_sequence_accuracy,tanh,20,"[0, 1, 2, 3, 4, 5, 6, 7, 8, 9, 10, 11, 12, 13, 14, 15, 16, 17, 18, 19]","[-0.01171875, 0.00390625, -0.00390625, -0.00390625, -0.00390625, 0.00390625, 0.0078125, 0.00390625, 0.01171875, 0.0, 0.0, 0.00390625, -0.0078125, 0.0078125, 0.01171875, 0.00390625, -0.00390625, 0.01171875, 0.0078125, 0.0078125]",0.0025390625,0.006739063348490434,"[-0.0006148799852730815, 0.005693004985273082]",12,2,6,,,,,
paired_comparison,two_palindrome,identity,,,,,,,,,,,,,,,,longer_lengths,,,,,,,,,,,,,,,,,,,evaluation,recurrent_state_rms,tanh,20,"[0, 1, 2, 3, 4, 5, 6, 7, 8, 9, 10, 11, 12, 13, 14, 15, 16, 17, 18, 19]","[3.7379905882795055, 4.129669431650702, 5.518296056168813, 4.627914989956021, 6.742948683742849, 5.563547682833576, 5.244633009958585, 4.378499967460697, 4.741126416218648, 5.966454180626667, 2.942617745653749, 6.519446023968817, 4.859344129297963, 3.726414468937169, 3.307912688834725, 4.892188858253343, 5.247468354304452, 4.569440871147438, 4.327066721331849, 9.56817591667313]",5.030557839264935,1.4539777635833433,"[4.350083119846387, 5.711032558683483]",20,0,0,,,,,
paired_comparison,two_palindrome,identity,,,,,,,,,,,,,,,,longer_lengths,,,,,,,,,,,,,,,,,,,evaluation,recurrent_state_max_abs,tanh,20,"[0, 1, 2, 3, 4, 5, 6, 7, 8, 9, 10, 11, 12, 13, 14, 15, 16, 17, 18, 19]","[50.52885437011719, 69.09808349609375, 68.82693481445312, 50.5941047668457, 82.28482818603516, 143.8011016845703, 70.23509216308594, 55.48504638671875, 62.314762115478516, 109.54660034179688, 39.51428985595703, 74.47416687011719, 59.870208740234375, 49.31421661376953, 44.88481903076172, 76.68590545654297, 63.46875, 63.364845275878906, 59.39955520629883, 165.4313201904297]",72.95617427825928,32.01640466210895,"[57.972207862193486, 87.94014069432508]",20,0,0,,,,,
paired_comparison,two_palindrome,identity,,,,,,,,,,,,,,,,longer_lengths,,,,,,,,,,,,,,,,,,,evaluation,logit_rms,tanh,20,"[0, 1, 2, 3, 4, 5, 6, 7, 8, 9, 10, 11, 12, 13, 14, 15, 16, 17, 18, 19]","[5.879990330413404, 6.088392025422285, 8.481312934131218, 5.926157301761041, 14.963159107177795, 5.169368431710456, 6.127463682272352, 7.24827259934058, 5.288481914757149, 11.406164399222808, 7.353551396943606, 13.221794882405586, 6.81773986036794, 3.3346920645307705, 4.746192184553533, 8.619457932813207, 6.204932065366458, 5.7734304768222255, 3.72963576484167, 13.127624739566837]",7.475390704721046,3.2543735833434093,"[5.952314488238178, 8.998466921203914]",20,0,0,,,,,
paired_comparison,two_palindrome,identity,,,,,,,,,,,,,,,,longer_lengths,,,,,,,,,,,,,,,,,,,evaluation,logit_max_abs,tanh,20,"[0, 1, 2, 3, 4, 5, 6, 7, 8, 9, 10, 11, 12, 13, 14, 15, 16, 17, 18, 19]","[59.10847282409668, 61.39123344421387, 77.8547248840332, 50.10561752319336, 118.29806518554688, 59.971073150634766, 73.04313659667969, 67.32076072692871, 54.4594669342041, 164.6532440185547, 47.792537689208984, 74.22903442382812, 68.37520027160645, 10.273796081542969, 39.24527931213379, 87.74188232421875, 75.47397994995117, 83.20234680175781, 32.35357666015625, 135.44660758972168]",72.0170018196106,35.14304641422433,"[55.56973883720012, 88.46426480202108]",20,0,0,,,,,
paired_comparison,two_palindrome,identity,,,,,,,,,,,,,,,,fixed_block_length_3,,,,,,,,,,,,,,,,,,,evaluation,token_accuracy,tanh,20,"[0, 1, 2, 3, 4, 5, 6, 7, 8, 9, 10, 11, 12, 13, 14, 15, 16, 17, 18, 19]","[0.1904296875, 0.19856770833333337, 0.20524088541666674, 0.14208984375, 0.28076171875, 0.22932942708333337, 0.24072265625, 0.22216796875, 0.2578125, 0.26432291666666674, 0.20670572916666663, 0.15511067708333337, 0.22428385416666663, 0.23795572916666663, 0.21402994791666663, 0.162109375, 0.142578125, 0.20296223958333326, 0.21809895833333337, 0.24348958333333337]",0.2119384765625,0.03898998556893285,"[0.1936908113267091, 0.23018614179829092]",20,0,0,,,,,
paired_comparison,two_palindrome,identity,,,,,,,,,,,,,,,,fixed_block_length_3,,,,,,,,,,,,,,,,,,,evaluation,exact_sequence_accuracy,tanh,20,"[0, 1, 2, 3, 4, 5, 6, 7, 8, 9, 10, 11, 12, 13, 14, 15, 16, 17, 18, 19]","[0.513671875, 0.62109375, 0.56640625, 0.4296875, 0.7861328125, 0.4794921875, 0.638671875, 0.6630859375, 0.71875, 0.7109375, 0.7001953125, 0.5966796875, 0.6455078125, 0.6689453125, 0.55078125, 0.3466796875, 0.4970703125, 0.6015625, 0.5234375, 0.55859375]",0.590869140625,0.10737489393916295,"[0.5406167209141396, 0.6411215603358603]",20,0,0,,,,,
paired_comparison,two_palindrome,identity,,,,,,,,,,,,,,,,fixed_block_length_3,,,,,,,,,,,,,,,,,,,evaluation,recurrent_state_rms,tanh,20,"[0, 1, 2, 3, 4, 5, 6, 7, 8, 9, 10, 11, 12, 13, 14, 15, 16, 17, 18, 19]","[2.105068505221205, 2.3125436939998694, 2.660747218557934, 2.4323311457614376, 3.309326052804598, 2.2807865329825456, 2.6619170883269097, 2.5694878853584164, 2.5689541333847554, 2.665398349543874, 2.013105184085955, 3.375747196010249, 2.417148048192334, 2.4045136418125126, 2.169651974058544, 2.854671603898527, 2.85010326146401, 2.287865707473994, 2.7448907786616763, 4.02514661867355]",2.635470231013645,0.4828221066522296,"[2.4095051263317564, 2.8614353356955333]",20,0,0,,,,,
paired_comparison,two_palindrome,identity,,,,,,,,,,,,,,,,fixed_block_length_3,,,,,,,,,,,,,,,,,,,evaluation,recurrent_state_max_abs,tanh,20,"[0, 1, 2, 3, 4, 5, 6, 7, 8, 9, 10, 11, 12, 13, 14, 15, 16, 17, 18, 19]","[29.65733528137207, 30.320226669311523, 33.275814056396484, 33.168025970458984, 38.08354568481445, 31.824119567871094, 30.206777572631836, 30.83115577697754, 31.215660095214844, 46.03546142578125, 26.923967361450195, 41.27464294433594, 28.328420639038086, 23.192527770996094, 30.72430419921875, 47.48402786254883, 39.907440185546875, 28.36433219909668, 34.43673324584961, 77.99650573730469]",35.66255121231079,11.751437395547532,"[30.162772422852385, 41.16233000176919]",20,0,0,,,,,
paired_comparison,two_palindrome,identity,,,,,,,,,,,,,,,,fixed_block_length_3,,,,,,,,,,,,,,,,,,,evaluation,logit_rms,tanh,20,"[0, 1, 2, 3, 4, 5, 6, 7, 8, 9, 10, 11, 12, 13, 14, 15, 16, 17, 18, 19]","[3.2957434117191475, 2.1618572147377497, 3.3249829040406436, 2.298140173713957, 8.411314690028007, 2.3635662798594916, 3.2302942549567497, 5.543713520270925, 2.2726877406929473, 4.803672543602875, 4.744064124971849, 8.623012253055215, 4.509578306283171, 1.7044656934060427, 3.283970227056364, 3.1299285688149485, 3.1334598830951474, 2.03375494628024, 1.8618631026362316, 5.791277245297799]",3.826067354225975,2.006388972348984,"[2.8870592021075723, 4.7650755063443775]",20,0,0,,,,,
paired_comparison,two_palindrome,identity,,,,,,,,,,,,,,,,fixed_block_length_3,,,,,,,,,,,,,,,,,,,evaluation,logit_max_abs,tanh,20,"[0, 1, 2, 3, 4, 5, 6, 7, 8, 9, 10, 11, 12, 13, 14, 15, 16, 17, 18, 19]","[24.03275489807129, 18.066041946411133, 36.71533966064453, 32.41547775268555, 52.253929138183594, 42.49197006225586, 30.32246971130371, 62.335527420043945, 17.823259353637695, 43.49393272399902, 41.68357849121094, 73.15401077270508, 58.86884880065918, 3.1801681518554688, 30.750288009643555, 65.45369720458984, 57.084388732910156, 21.593414306640625, 22.742910385131836, 82.95076370239258]",40.87063856124878,20.979410744970213,"[31.052084936971323, 50.68919218552624]",20,0,0,,,,,
paired_comparison,two_palindrome,identity,,,,,,,,,,,,,,,,fixed_block_length_4,,,,,,,,,,,,,,,,,,,evaluation,token_accuracy,tanh,20,"[0, 1, 2, 3, 4, 5, 6, 7, 8, 9, 10, 11, 12, 13, 14, 15, 16, 17, 18, 19]","[0.033447265625, 0.0374755859375, 0.0244140625, -0.00146484375, 0.0732421875, 0.0936279296875, 0.0560302734375, 0.1090087890625, 0.0882568359375, 0.0843505859375, 0.0201416015625, 0.0345458984375, 0.063720703125, 0.118896484375, 0.0899658203125, 0.0579833984375, 0.0423583984375, 0.0987548828125, 0.0853271484375, 0.0528564453125]",0.06314697265625,0.0326873136056133,"[0.04784901479786573, 0.07844493051463426]",19,0,1,,,,,
paired_comparison,two_palindrome,identity,,,,,,,,,,,,,,,,fixed_block_length_4,,,,,,,,,,,,,,,,,,,evaluation,exact_sequence_accuracy,tanh,20,"[0, 1, 2, 3, 4, 5, 6, 7, 8, 9, 10, 11, 12, 13, 14, 15, 16, 17, 18, 19]","[0.0048828125, 0.017578125, 0.0087890625, -0.001953125, 0.0078125, 0.005859375, 0.013671875, 0.0224609375, 0.0205078125, 0.0185546875, 0.00390625, 0.001953125, 0.0205078125, 0.0302734375, 0.01171875, -0.001953125, 0.0029296875, 0.0341796875, 0.015625, 0.0048828125]",0.012109375,0.010195119509415594,"[0.007337967031207862, 0.01688078296879214]",18,0,2,,,,,
paired_comparison,two_palindrome,identity,,,,,,,,,,,,,,,,fixed_block_length_4,,,,,,,,,,,,,,,,,,,evaluation,recurrent_state_rms,tanh,20,"[0, 1, 2, 3, 4, 5, 6, 7, 8, 9, 10, 11, 12, 13, 14, 15, 16, 17, 18, 19]","[2.6782432160928753, 3.014666990927146, 3.520251324974346, 3.3576130403194493, 4.510942974681066, 2.86264702439992, 3.6504880722018074, 3.248221882352289, 3.4079540782958118, 3.5347982838209018, 2.3578380193088617, 4.455362510287499, 3.3276518794115195, 2.92511185928644, 2.738025658592627, 3.415606583849751, 3.613409301634455, 3.1602600354781876, 3.147288507411869, 5.734400855098153]",3.433039104921249,0.7531060050912356,"[3.080578695730468, 3.78549951411203]",20,0,0,,,,,
paired_comparison,two_palindrome,identity,,,,,,,,,,,,,,,,fixed_block_length_4,,,,,,,,,,,,,,,,,,,evaluation,recurrent_state_max_abs,tanh,20,"[0, 1, 2, 3, 4, 5, 6, 7, 8, 9, 10, 11, 12, 13, 14, 15, 16, 17, 18, 19]","[34.26329040527344, 38.36473846435547, 46.42425537109375, 42.079891204833984, 60.95536804199219, 55.66029739379883, 42.91242218017578, 42.0880012512207, 48.99088668823242, 71.10235595703125, 28.99998664855957, 53.704139709472656, 43.704986572265625, 30.99436378479004, 37.351051330566406, 69.2721176147461, 51.09706115722656, 42.09221267700195, 42.54743576049805, 110.63631439208984]",49.66205883026123,18.282126183111778,"[41.10585873118429, 58.21825892933817]",20,0,0,,,,,
paired_comparison,two_palindrome,identity,,,,,,,,,,,,,,,,fixed_block_length_4,,,,,,,,,,,,,,,,,,,evaluation,logit_rms,tanh,20,"[0, 1, 2, 3, 4, 5, 6, 7, 8, 9, 10, 11, 12, 13, 14, 15, 16, 17, 18, 19]","[4.693834838921063, 4.071662683972777, 5.4261551020239365, 3.798895983795875, 10.358739220270474, 3.243460777895004, 4.4649963875661305, 6.433188353963653, 3.651593546894146, 6.065063891771006, 5.990876341747053, 10.056903627141768, 5.266604922518294, 2.4736873863333564, 4.164941886182223, 5.085076045488628, 4.151993223941879, 3.269396131735455, 2.428237347585452, 8.831492539594532]",5.196340011967135,2.2667338016704193,"[4.135488129413704, 6.257191894520566]",20,0,0,,,,,
paired_comparison,two_palindrome,identity,,,,,,,,,,,,,,,,fixed_block_length_4,,,,,,,,,,,,,,,,,,,evaluation,logit_max_abs,tanh,20,"[0, 1, 2, 3, 4, 5, 6, 7, 8, 9, 10, 11, 12, 13, 14, 15, 16, 17, 18, 19]","[44.38753890991211, 35.92907524108887, 69.1260814666748, 35.27246856689453, 77.67696380615234, 56.41529083251953, 52.82546043395996, 77.23092651367188, 33.80788993835449, 103.14763832092285, 53.44686508178711, 75.54286575317383, 60.79534339904785, 10.858776092529297, 37.82064628601074, 71.37696838378906, 58.2001838684082, 24.826148986816406, 30.878883361816406, 142.3980197906494]",57.598201751708984,29.75625478706227,"[43.672005881099054, 71.52439762231892]",20,0,0,,,,,
paired_comparison,two_palindrome,identity,,,,,,,,,,,,,,,,,,,,,,,,,,,,,,,,,,,threshold,threshold_0_90_step,tanh,20,,[-1200],-1200,0.0,"[-1200, -1200]",,,,1,19,0,0,[11]
paired_comparison,two_palindrome,identity,,,,,,,,,,,,,,,,,,,,,,,,,,,,,,,,,,,threshold,threshold_0_99_step,tanh,20,,[],,,,,,,0,4,0,16,[]
paired_comparison,two_palindrome,softsign,,,,,,,,,,,,,,,,in_distribution,,,,,,,,,,,,,,,,,,,evaluation,token_accuracy,tanh,20,"[0, 1, 2, 3, 4, 5, 6, 7, 8, 9, 10, 11, 12, 13, 14, 15, 16, 17, 18, 19]","[-0.07505863956215797, -0.004604758250191909, -0.02408702408702401, -0.23646496815286622, 0.024428684003152124, -0.06888544891640869, 0.018039215686274535, -0.04147104851330197, -0.07614607614607616, 0.006359300476947549, -0.13307392996108947, -0.14252153484729835, -0.017014694508894035, -0.04468412942989208, -0.027734976887519358, -0.02734375, -0.11214953271028039, -0.019669551534225005, -0.06964006259780908, 0.03263403263403264]",-0.05195444466523139,0.06573260908718939,"[-0.08271789913170016, -0.021190990198762628]",4,0,16,,,,,
paired_comparison,two_palindrome,softsign,,,,,,,,,,,,,,,,in_distribution,,,,,,,,,,,,,,,,,,,evaluation,exact_sequence_accuracy,tanh,20,"[0, 1, 2, 3, 4, 5, 6, 7, 8, 9, 10, 11, 12, 13, 14, 15, 16, 17, 18, 19]","[-0.23828125, -0.015625, -0.08203125, -0.48046875, 0.04296875, -0.02734375, 0.02734375, -0.12890625, -0.14453125, 0.0546875, -0.30859375, -0.34375, -0.02734375, -0.10546875, -0.0859375, -0.0703125, -0.23046875, -0.0390625, -0.11328125, 0.05859375]",-0.112890625,0.14364727898096388,"[-0.1801188483662965, -0.04566240163370351]",4,0,16,,,,,
paired_comparison,two_palindrome,softsign,,,,,,,,,,,,,,,,in_distribution,,,,,,,,,,,,,,,,,,,evaluation,recurrent_state_rms,tanh,20,"[0, 1, 2, 3, 4, 5, 6, 7, 8, 9, 10, 11, 12, 13, 14, 15, 16, 17, 18, 19]","[-0.2093695327485222, -0.2850740867654593, -0.28327555175988395, -0.2508721621767983, -0.30062991337520506, -0.26402118118736606, -0.3088491228813014, -0.25268446727675, -0.24890557312727424, -0.2672050537818379, -0.24290137460886296, -0.2442305958358636, -0.27550212615986647, -0.23352977916660955, -0.25950571772142317, -0.2714820902528674, -0.21625154906929478, -0.2653734430119735, -0.25973546401771763, -0.2954973225379861]",-0.26174480537314315,0.02601121984802622,"[-0.2739182910832671, -0.2495713196630192]",0,0,20,,,,,
paired_comparison,two_palindrome,softsign,,,,,,,,,,,,,,,,in_distribution,,,,,,,,,,,,,,,,,,,evaluation,recurrent_state_max_abs,tanh,20,"[0, 1, 2, 3, 4, 5, 6, 7, 8, 9, 10, 11, 12, 13, 14, 15, 16, 17, 18, 19]","[-0.04792380332946777, -0.05860179662704468, -0.03643035888671875, -0.03524106740951538, -0.03431057929992676, -0.061769187450408936, -0.04137313365936279, -0.047819316387176514, -0.04948300123214722, -0.0457158088684082, -0.03505903482437134, -0.043254315853118896, -0.05062311887741089, -0.046994805335998535, -0.0548170804977417, -0.05292069911956787, -0.04888838529586792, -0.036415934562683105, -0.03200554847717285, -0.05368691682815552]",-0.04566669464111328,0.008645749183816862,"[-0.04971298331028912, -0.04162040597193744]",0,0,20,,,,,
paired_comparison,two_palindrome,softsign,,,,,,,,,,,,,,,,in_distribution,,,,,,,,,,,,,,,,,,,evaluation,logit_rms,tanh,20,"[0, 1, 2, 3, 4, 5, 6, 7, 8, 9, 10, 11, 12, 13, 14, 15, 16, 17, 18, 19]","[-0.948578360083161, -0.5365999610930219, -0.35855197968690344, -0.5211147032304799, 0.35959071494416417, -1.4073013820702074, 0.08973996802662931, -0.9445686635412942, -0.9329299179807542, 0.30987653946836247, 0.19105852823745018, -0.13231931160597377, 1.1591469578412577, -1.453437563046732, -0.1447147633354584, 0.696421122138065, 0.04476688894919256, 0.5012359021749706, -0.45202173147764846, 1.460977176389374]",-0.15096622694910844,0.7852780404174883,"[-0.5184834391117601, 0.21655098521354316]",9,0,11,,,,,
paired_comparison,two_palindrome,softsign,,,,,,,,,,,,,,,,in_distribution,,,,,,,,,,,,,,,,,,,evaluation,logit_max_abs,tanh,20,"[0, 1, 2, 3, 4, 5, 6, 7, 8, 9, 10, 11, 12, 13, 14, 15, 16, 17, 18, 19]","[-1.5226516723632812, -0.44089317321777344, -0.2863483428955078, -1.5214519500732422, 6.540630340576172, -6.653323173522949, 5.563028335571289, -11.552114486694336, 2.9565963745117188, 4.854471206665039, 13.884437561035156, 4.469291687011719, 21.926198959350586, -14.305130004882812, -1.8806991577148438, 14.857004165649414, -2.930177688598633, 23.320316314697266, -1.1279659271240234, 34.3054313659668]",4.522832536697388,11.992354293435584,"[-1.089697535895863, 10.135362609290638]",10,0,10,,,,,
paired_comparison,two_palindrome,softsign,,,,,,,,,,,,,,,,longer_lengths,,,,,,,,,,,,,,,,,,,evaluation,token_accuracy,tanh,20,"[0, 1, 2, 3, 4, 5, 6, 7, 8, 9, 10, 11, 12, 13, 14, 15, 16, 17, 18, 19]","[-0.0605670103092783, -0.012158054711246202, -0.02789886660854407, -0.10704960835509136, -0.016593886462882068, -0.09051158723218194, -0.010845986984815648, -0.03340563991323203, -0.04722703639514725, -0.014236410698878321, -0.03225806451612906, -0.062364660025985286, -0.05201560468140437, -0.050281751192024216, 0.0099437959360138, 0.03085614950021731, -0.04811443433029905, -0.006993006993006978, -0.07050173010380617, -0.02254986990459673]",-0.036238663199115895,0.033230741178869774,"[-0.05179095006768024, -0.020686376330551547]",2,0,18,,,,,
paired_comparison,two_palindrome,softsign,,,,,,,,,,,,,,,,longer_lengths,,,,,,,,,,,,,,,,,,,evaluation,exact_sequence_accuracy,tanh,20,"[0, 1, 2, 3, 4, 5, 6, 7, 8, 9, 10, 11, 12, 13, 14, 15, 16, 17, 18, 19]","[-0.0078125, 0.0, -0.01171875, -0.0078125, -0.00390625, 0.0, 0.0, -0.0078125, 0.0, 0.0, 0.00390625, 0.0, -0.01171875, 0.0078125, 0.0, 0.00390625, 0.00390625, -0.00390625, 0.00390625, -0.00390625]",-0.0017578125,0.0054474149149625626,"[-0.004307251857779478, 0.0007916268577794784]",5,7,8,,,,,
paired_comparison,two_palindrome,softsign,,,,,,,,,,,,,,,,longer_lengths,,,,,,,,,,,,,,,,,,,evaluation,recurrent_state_rms,tanh,20,"[0, 1, 2, 3, 4, 5, 6, 7, 8, 9, 10, 11, 12, 13, 14, 15, 16, 17, 18, 19]","[-0.214907464641946, -0.2861618894870075, -0.2858158761806423, -0.26068489450347176, -0.3036331032862405, -0.2683489268222464, -0.3150907089933702, -0.2558011265649409, -0.2569358228212165, -0.2677981641597682, -0.2461071358447121, -0.2489609037338255, -0.27458356390174976, -0.2306640159179243, -0.2623396335778948, -0.27481852118715, -0.22120746595540008, -0.2732408810172823, -0.2641793165856977, -0.2968847482880781]",-0.2654082081735282,0.025718572099175045,"[-0.27744473209525644, -0.2533716842518]",0,0,20,,,,,
paired_comparison,two_palindrome,softsign,,,,,,,,,,,,,,,,longer_lengths,,,,,,,,,,,,,,,,,,,evaluation,recurrent_state_max_abs,tanh,20,"[0, 1, 2, 3, 4, 5, 6, 7, 8, 9, 10, 11, 12, 13, 14, 15, 16, 17, 18, 19]","[-0.04767352342605591, -0.05908387899398804, -0.03668797016143799, -0.03594338893890381, -0.03460049629211426, -0.05939674377441406, -0.04076415300369263, -0.0496099591255188, -0.05475032329559326, -0.04467606544494629, -0.035398781299591064, -0.04403287172317505, -0.0494462251663208, -0.047328412532806396, -0.055513203144073486, -0.05233031511306763, -0.04859691858291626, -0.03762495517730713, -0.03249484300613403, -0.04886144399642944]",-0.045740723609924316,0.008324392472249158,"[-0.04963661443697748, -0.041844832782871155]",0,0,20,,,,,
paired_comparison,two_palindrome,softsign,,,,,,,,,,,,,,,,longer_lengths,,,,,,,,,,,,,,,,,,,evaluation,logit_rms,tanh,20,"[0, 1, 2, 3, 4, 5, 6, 7, 8, 9, 10, 11, 12, 13, 14, 15, 16, 17, 18, 19]","[-0.9027146635960346, -0.29638126203735915, -0.08675351550792643, -0.5203856160440852, -0.05077383884054676, -1.0700709980676764, 0.02377271820142779, -0.7894973016194289, -0.32365058131915525, 0.05209763484391061, 0.05368783490849616, -0.3572186168580487, 0.8856436351262333, -1.1876001148142583, -0.27822775633686536, 0.6154460708935332, -0.2876978680355533, 0.13518964847229054, -0.25637540032710593, 1.304061569651875]",-0.1668724210653139,0.6135265524446902,"[-0.4540083863373843, 0.12026354420675647]",7,0,13,,,,,
paired_comparison,two_palindrome,softsign,,,,,,,,,,,,,,,,longer_lengths,,,,,,,,,,,,,,,,,,,evaluation,logit_max_abs,tanh,20,"[0, 1, 2, 3, 4, 5, 6, 7, 8, 9, 10, 11, 12, 13, 14, 15, 16, 17, 18, 19]","[-3.2890701293945312, -0.07256698608398438, -0.45067405700683594, -3.6813201904296875, 1.685302734375, -7.9922685623168945, 7.935136795043945, -9.1796875, 5.159963607788086, 3.501066207885742, 16.36257553100586, 2.3802566528320312, 21.724477767944336, -11.889694213867188, -1.5699596405029297, 15.594314575195312, -6.149484634399414, 17.378829956054688, -1.545083999633789, 36.24354362487793]",4.107282876968384,11.982886227758991,"[-1.5008160554134529, 9.71538180935022]",10,0,10,,,,,
paired_comparison,two_palindrome,softsign,,,,,,,,,,,,,,,,fixed_block_length_3,,,,,,,,,,,,,,,,,,,evaluation,token_accuracy,tanh,20,"[0, 1, 2, 3, 4, 5, 6, 7, 8, 9, 10, 11, 12, 13, 14, 15, 16, 17, 18, 19]","[-0.06917317708333337, -0.01578776041666663, -0.04036458333333326, -0.19010416666666663, -0.0146484375, -0.05322265625, 0.01318359375, -0.05680338541666663, -0.06201171875, 0.00472005208333337, -0.11393229166666663, -0.15608723958333337, -0.03271484375, -0.06184895833333337, -0.01432291666666663, 0.00651041666666663, -0.12581380208333337, -0.02750651041666674, -0.06461588541666663, -0.01253255208333326]",-0.054353841145833325,0.05498159709602031,"[-0.08008572494362393, -0.028621957348042716]",3,0,17,,,,,
paired_comparison,two_palindrome,softsign,,,,,,,,,,,,,,,,fixed_block_length_3,,,,,,,,,,,,,,,,,,,evaluation,exact_sequence_accuracy,tanh,20,"[0, 1, 2, 3, 4, 5, 6, 7, 8, 9, 10, 11, 12, 13, 14, 15, 16, 17, 18, 19]","[-0.1015625, -0.0029296875, -0.10546875, -0.1865234375, -0.01171875, -0.029296875, -0.0166015625, -0.1025390625, -0.033203125, 0.0068359375, -0.1328125, -0.21484375, -0.0126953125, -0.048828125, -0.0478515625, -0.0234375, -0.1669921875, -0.048828125, -0.041015625, -0.0224609375]",-0.067138671875,0.06515553372081005,"[-0.09763204986034532, -0.036645293889654686]",1,0,19,,,,,
paired_comparison,two_palindrome,softsign,,,,,,,,,,,,,,,,fixed_block_length_3,,,,,,,,,,,,,,,,,,,evaluation,recurrent_state_rms,tanh,20,"[0, 1, 2, 3, 4, 5, 6, 7, 8, 9, 10, 11, 12, 13, 14, 15, 16, 17, 18, 19]","[-0.21669126916231862, -0.2867841647178697, -0.27924446492862764, -0.2546197953986452, -0.30574490632478357, -0.26986220895364355, -0.3075226477157519, -0.2508179871548243, -0.2571317946986721, -0.2652793766660988, -0.2507923503534031, -0.24510780776802432, -0.27284219752583894, -0.23722027794365197, -0.25740354800564447, -0.27151428609879014, -0.21644843151872395, -0.2678316369697984, -0.2585298660783667, -0.29575935164131795]",-0.2633574184812398,0.024819602236262544,"[-0.2749732163915031, -0.2517416205709765]",0,0,20,,,,,
paired_comparison,two_palindrome,softsign,,,,,,,,,,,,,,,,fixed_block_length_3,,,,,,,,,,,,,,,,,,,evaluation,recurrent_state_max_abs,tanh,20,"[0, 1, 2, 3, 4, 5, 6, 7, 8, 9, 10, 11, 12, 13, 14, 15, 16, 17, 18, 19]","[-0.04750782251358032, -0.05572313070297241, -0.03634911775588989, -0.03593945503234863, -0.03375744819641113, -0.05981570482254028, -0.04098314046859741, -0.04645252227783203, -0.04948300123214722, -0.0444604754447937, -0.03502732515335083, -0.04302263259887695, -0.04987931251525879, -0.046933650970458984, -0.05603313446044922, -0.051957011222839355, -0.04884272813796997, -0.03639250993728638, -0.03189903497695923, -0.051995158195495605]",-0.04512271583080292,0.008185038213235225,"[-0.04895338760659041, -0.04129204405501543]",0,0,20,,,,,
paired_comparison,two_palindrome,softsign,,,,,,,,,,,,,,,,fixed_block_length_3,,,,,,,,,,,,,,,,,,,evaluation,logit_rms,tanh,20,"[0, 1, 2, 3, 4, 5, 6, 7, 8, 9, 10, 11, 12, 13, 14, 15, 16, 17, 18, 19]","[-0.3917851471526017, -0.516104603797916, -0.16347843505985526, -0.6475665767451124, -0.0671834090393757, -1.1605022554001128, 0.0032594420583613726, -0.9106142401226656, -0.6045687789570371, 0.2640733984559489, 0.06993730663133757, -0.20951000857005475, 1.0781893607976158, -1.2114138921611044, -0.11297610801042879, 0.688670499897901, -0.07986744844808857, 0.21556722984492538, -0.37760700975898587, 1.4586647975673612]",-0.1337407938984944,0.673283851400137,"[-0.44884371455212624, 0.1813621267551375]",7,0,13,,,,,
paired_comparison,two_palindrome,softsign,,,,,,,,,,,,,,,,fixed_block_length_3,,,,,,,,,,,,,,,,,,,evaluation,logit_max_abs,tanh,20,"[0, 1, 2, 3, 4, 5, 6, 7, 8, 9, 10, 11, 12, 13, 14, 15, 16, 17, 18, 19]","[-0.034236907958984375, 0.3325519561767578, -0.22060203552246094, -2.4288253784179688, 2.5577163696289062, -7.730469703674316, 6.724567413330078, -10.319631576538086, 3.6866073608398438, 4.209003448486328, 13.61148452758789, 3.3660316467285156, 22.763174057006836, -13.492755889892578, -1.6197013854980469, 16.09689712524414, -4.291595458984375, 21.589458465576172, -0.9826946258544922, 34.83443069458008]",4.432570505142212,11.964658440006197,"[-1.166997658016487, 10.03213866830091]",11,0,9,,,,,
paired_comparison,two_palindrome,softsign,,,,,,,,,,,,,,,,fixed_block_length_4,,,,,,,,,,,,,,,,,,,evaluation,token_accuracy,tanh,20,"[0, 1, 2, 3, 4, 5, 6, 7, 8, 9, 10, 11, 12, 13, 14, 15, 16, 17, 18, 19]","[-0.0516357421875, -0.015380859375, -0.033935546875, -0.12353515625, -0.0029296875, -0.0814208984375, 0.00048828125, -0.0179443359375, -0.028564453125, -0.0032958984375, -0.0626220703125, -0.0799560546875, -0.0477294921875, -0.04736328125, -0.00927734375, 0.0333251953125, -0.071533203125, -0.0245361328125, -0.0726318359375, -0.0328369140625]",-0.038665771484375,0.03649563631800524,"[-0.05574605875251824, -0.021585484216231753]",2,0,18,,,,,
paired_comparison,two_palindrome,softsign,,,,,,,,,,,,,,,,fixed_block_length_4,,,,,,,,,,,,,,,,,,,evaluation,exact_sequence_accuracy,tanh,20,"[0, 1, 2, 3, 4, 5, 6, 7, 8, 9, 10, 11, 12, 13, 14, 15, 16, 17, 18, 19]","[-0.0029296875, -0.0009765625, -0.0048828125, -0.013671875, 0.0009765625, -0.005859375, 0.00390625, 0.0009765625, 0.0009765625, 0.0009765625, -0.00390625, -0.01171875, -0.00390625, -0.0029296875, -0.00390625, 0.0068359375, -0.01171875, -0.0048828125, -0.0087890625, -0.0048828125]",-0.003515625,0.005267532939518696,"[-0.005980877969352911, -0.001050372030647089]",6,0,14,,,,,
paired_comparison,two_palindrome,softsign,,,,,,,,,,,,,,,,fixed_block_length_4,,,,,,,,,,,,,,,,,,,evaluation,recurrent_state_rms,tanh,20,"[0, 1, 2, 3, 4, 5, 6, 7, 8, 9, 10, 11, 12, 13, 14, 15, 16, 17, 18, 19]","[-0.21953516359868852, -0.2865712937170477, -0.2820092550067046, -0.25884428746114074, -0.3045593772244285, -0.27118006796270533, -0.31139676583872844, -0.254051248176949, -0.2601809871693518, -0.26488321388120806, -0.2511555178158228, -0.24771086404132248, -0.2718816323122478, -0.2343773097987667, -0.2587283730806784, -0.2743720705190874, -0.2173239062624297, -0.2709670754922604, -0.26047176984784615, -0.29600205765996845]",-0.26481011184336917,0.024762955025237895,"[-0.27639939834747945, -0.2532208253392589]",0,0,20,,,,,
paired_comparison,two_palindrome,softsign,,,,,,,,,,,,,,,,fixed_block_length_4,,,,,,,,,,,,,,,,,,,evaluation,recurrent_state_max_abs,tanh,20,"[0, 1, 2, 3, 4, 5, 6, 7, 8, 9, 10, 11, 12, 13, 14, 15, 16, 17, 18, 19]","[-0.04766958951950073, -0.0570182204246521, -0.036247074604034424, -0.03568452596664429, -0.0339619517326355, -0.0594598650932312, -0.03896051645278931, -0.04749971628189087, -0.04993581771850586, -0.04476737976074219, -0.03414541482925415, -0.04315149784088135, -0.04973125457763672, -0.046869874000549316, -0.05409795045852661, -0.05252176523208618, -0.04847949743270874, -0.036870598793029785, -0.0318681001663208, -0.04768359661102295]",-0.044831210374832155,0.008132990756079612,"[-0.048637523470802475, -0.041024897278861834]",0,0,20,,,,,
paired_comparison,two_palindrome,softsign,,,,,,,,,,,,,,,,fixed_block_length_4,,,,,,,,,,,,,,,,,,,evaluation,logit_rms,tanh,20,"[0, 1, 2, 3, 4, 5, 6, 7, 8, 9, 10, 11, 12, 13, 14, 15, 16, 17, 18, 19]","[-0.3751142252808446, -0.3946744658910726, -0.010532202195049578, -0.6090447760954074, -0.2238017784262798, -0.9887603780804914, -0.08629718552871735, -0.8452170826633614, -0.3255330181560785, 0.1694160060639005, -0.02680278763287447, -0.4383212764668505, 0.9745841323353917, -1.1421040265470106, -0.23300490577124489, 0.6809326314010171, -0.15006048692616591, 0.28051255700196975, -0.2916349277946235, 1.439751660824582]",-0.12978532679146057,0.6257226961554635,"[-0.42262919742318605, 0.16305854384026494]",5,0,15,,,,,
paired_comparison,two_palindrome,softsign,,,,,,,,,,,,,,,,fixed_block_length_4,,,,,,,,,,,,,,,,,,,evaluation,logit_max_abs,tanh,20,"[0, 1, 2, 3, 4, 5, 6, 7, 8, 9, 10, 11, 12, 13, 14, 15, 16, 17, 18, 19]","[-1.8386459350585938, 0.152313232421875, 0.3205451965332031, 0.037082672119140625, 1.8209419250488281, -6.002535820007324, 9.356176376342773, -8.280754089355469, 3.2690353393554688, 4.100818634033203, 15.168113708496094, 2.578216552734375, 22.982816696166992, -12.683401107788086, -2.0064029693603516, 16.13779067993164, -4.782926559448242, 16.74496078491211, -0.6916236877441406, 36.03194999694824]",4.620723581314087,11.679369832932155,"[-0.8453269382366546, 10.086774100864828]",13,0,7,,,,,
paired_comparison,two_palindrome,softsign,,,,,,,,,,,,,,,,,,,,,,,,,,,,,,,,,,,threshold,threshold_0_90_step,tanh,20,,[],,,,,,,0,0,1,19,[]
paired_comparison,two_palindrome,softsign,,,,,,,,,,,,,,,,,,,,,,,,,,,,,,,,,,,threshold,threshold_0_99_step,tanh,20,,[],,,,,,,0,0,0,20,[]
