row_type,task,readout,runs,successful_runs,failed_runs,nonfinite_failures,pre_clip_gradient_norm_mean_mean,pre_clip_gradient_norm_max_mean,clip_bind_fraction_mean,panel,finite_evaluations,nonfinite_evaluations,token_accuracy_mean,token_accuracy_std,token_accuracy_ci95,exact_sequence_accuracy_mean,exact_sequence_accuracy_std,exact_sequence_accuracy_ci95,readout_feature_rms_mean,readout_feature_rms_std,readout_feature_rms_ci95,readout_feature_max_abs_mean,readout_feature_max_abs_std,readout_feature_max_abs_ci95,recurrent_state_rms_mean,recurrent_state_rms_std,recurrent_state_rms_ci95,recurrent_state_max_abs_mean,recurrent_state_max_abs_std,recurrent_state_max_abs_ci95,logit_rms_mean,logit_rms_std,logit_rms_ci95,logit_max_abs_mean,logit_max_abs_std,logit_max_abs_ci95,tanh_readout_saturation_fraction_mean,tanh_readout_saturation_fraction_std,tanh_readout_saturation_fraction_ci95,contrast,metric,paired_seeds,seed_ids,differences_by_seed,mean_difference,std_difference,ci95,first_wins,ties,tanh_wins
arm_summary,delayed_copy,identity,20,20,0,0,2.1602816121009285,58.50210981369018,0.7641111111111111,,,,,,,,,,,,,,,,,,,,,,,,,,,,,,,,,,,,,,,,,
arm_summary,delayed_copy,tanh,20,20,0,0,1.8882056042457827,63.6414249420166,0.6896666666666667,,,,,,,,,,,,,,,,,,,,,,,,,,,,,,,,,,,,,,,,,
arm_summary,delayed_copy,relu,20,20,0,0,2.910721539421264,132.57513151168823,0.8192777777777778,,,,,,,,,,,,,,,,,,,,,,,,,,,,,,,,,,,,,,,,,
arm_summary,two_palindrome,identity,20,20,0,0,2.8329829073760373,46.71841869354248,0.954923076923077,,,,,,,,,,,,,,,,,,,,,,,,,,,,,,,,,,,,,,,,,
arm_summary,two_palindrome,tanh,20,20,0,0,2.4488660265619937,41.42464838027954,0.8954423076923077,,,,,,,,,,,,,,,,,,,,,,,,,,,,,,,,,,,,,,,,,
arm_summary,two_palindrome,relu,20,20,0,0,2.8563099314753826,77.45923738479614,0.9320769230769231,,,,,,,,,,,,,,,,,,,,,,,,,,,,,,,,,,,,,,,,,
evaluation_panel,delayed_copy,identity,20,,,,,,,in_distribution,20,0,0.8977165350454491,0.03170263655179363,"[0.8828792444177739, 0.9125538256731244]",0.7349609375,0.07346587279102146,"[0.7005778506537252, 0.7693440243462748]",1.1463442585987766,0.10191432176820897,"[1.098646887790929, 1.1940416294066243]",9.22415750026703,1.7775485754235487,"[8.392239158860907, 10.056075841673152]",0.8684841845216635,0.016451406171275676,"[0.8607846894276715, 0.8761836796156556]",1.0,0.0,"[1.0, 1.0]",4.976427024591818,0.5772036399760654,"[4.706287405646075, 5.246566643537561]",19.608559703826906,4.589584870631209,"[17.460567864893125, 21.756551542760686]",,,,,,,,,,,,,,
evaluation_panel,delayed_copy,identity,20,,,,,,,longer_lengths,20,0,0.5923783804823977,0.032253964399226606,"[0.5772830604794643, 0.607473700485331]",0.04296875,0.018057027148475728,"[0.034517801157431305, 0.051419698842568695]",1.1780969148365028,0.10881679363728214,"[1.1271690877540335, 1.2290247419189722]",9.431096196174622,2.0127606063739707,"[8.48909523572085, 10.373097156628393]",0.885641532501912,0.01741238560329533,"[0.8774922851894633, 0.8937907798143607]",1.0,0.0,"[1.0, 1.0]",4.596785029920578,0.4369842293296385,"[4.392270115216813, 4.8012999446243425]",19.31240496635437,4.158900129103127,"[17.36597979108017, 21.25883014162857]",,,,,,,,,,,,,,
evaluation_panel,delayed_copy,identity,20,,,,,,,stress_lengths_8_10,20,0,0.3757267609058527,0.025164376057599077,"[0.36394947038237463, 0.3875040514293308]",0.00029296875,0.0007155225557275845,"[-4.190611419757997e-05, 0.00062784361419758]",1.2099224602554413,0.12186401494683316,"[1.1528883456363774, 1.266956574874505]",9.665042614936828,2.070968714285096,"[8.695799421410312, 10.634285808463344]",0.9038976200620453,0.01812717875094076,"[0.8954138392588897, 0.9123814008652009]",1.0,0.0,"[1.0, 1.0]",4.268253727101623,0.4357656029299087,"[4.064309147108973, 4.472198307094273]",19.06368522644043,4.543908500596104,"[16.93707058671596, 21.1902998661649]",,,,,,,,,,,,,,
evaluation_panel,delayed_copy,tanh,20,,,,,,,in_distribution,20,0,0.8728504782516147,0.026709185825211482,"[0.8603501945017186, 0.8853507620015107]",0.683984375,0.054920497544866234,"[0.6582807909413548, 0.7096879590586451]",0.6905999240752405,0.010986961337474354,"[0.6854578678865443, 0.6957419802639367]",0.999998864531517,2.5299549018586747e-06,"[0.9999976804761753, 1.0000000485868585]",0.8872486427577075,0.011903652864245518,"[0.881677561728241, 0.8928197237871741]",1.0,0.0,"[1.0, 1.0]",3.661657219852367,0.25792308683803716,"[3.540945499464349, 3.782368940240385]",11.286900806427003,0.9468784220134344,"[10.843748063798314, 11.730053549055691]",0.06932303292410714,0.017674524111654405,"[0.061051101013269486, 0.0775949648349448]",,,,,,,,,,,
evaluation_panel,delayed_copy,tanh,20,,,,,,,longer_lengths,20,0,0.5699494899293931,0.03359166454313446,"[0.5542281069876434, 0.5856708728711428]",0.0322265625,0.015359326477676741,"[0.025038176435568903, 0.0394149485644311]",0.7068603227254472,0.009987790303217609,"[0.7021858929752587, 0.7115347524756357]",0.9999988555908204,2.4013466362731207e-06,"[0.9999977317259998, 0.9999999794556409]",0.9021612116067637,0.011760199030354933,"[0.8966572690382139, 0.9076651541753135]",1.0,0.0,"[1.0, 1.0]",3.3223341008990412,0.2917035973881464,"[3.1858126149174146, 3.458855586880668]",11.20809760093689,1.1071704472938386,"[10.689925881243044, 11.726269320630736]",0.07261176215277777,0.018220300781662407,"[0.06408439889768949, 0.08113912540786605]",,,,,,,,,,,
evaluation_panel,delayed_copy,tanh,20,,,,,,,stress_lengths_8_10,20,0,0.37469822671086117,0.025684102706834532,"[0.3626776966281415, 0.38671875679358086]",0.00029296875,0.0007155225557275845,"[-4.190611419757997e-05, 0.00062784361419758]",0.7238397848216949,0.009765705345604715,"[0.719269294031118, 0.7284102756122718]",0.9999993652105331,1.4927207619347493e-06,"[0.9999986665957118, 1.0000000638253546]",0.9183693057587022,0.0113724449748376,"[0.9130468376742815, 0.923691773843123]",1.0,0.0,"[1.0, 1.0]",3.0634187387870617,0.34666061517657143,"[2.9011765767466784, 3.225660900827445]",11.190866661071777,1.108587961685754,"[10.67203152422121, 11.709701797922344]",0.07603402944711539,0.019583007742742485,"[0.06686889970251546, 0.08519915919171532]",,,,,,,,,,,
evaluation_panel,delayed_copy,relu,20,,,,,,,in_distribution,20,0,0.8212517089706963,0.054184135145430294,"[0.7958927531233317, 0.8466106648180609]",0.5845703125,0.09930172109690943,"[0.538095676444538, 0.631044948555462]",1.451928029420209,0.1917370071164848,"[1.3621923478462117, 1.5416637109942064]",10.120214056968688,1.2802347561659393,"[9.521045747485914, 10.719382366451462]",0.9037952178371336,0.016609565937006077,"[0.896021701694264, 0.9115687339800032]",1.0,0.0,"[1.0, 1.0]",4.1813678025046945,0.4626260212730363,"[3.964852159765045, 4.397883445244344]",16.156715059280394,3.011298866590132,"[14.747383807685832, 17.566046310874956]",,,,,,,,,,,,,,
evaluation_panel,delayed_copy,relu,20,,,,,,,longer_lengths,20,0,0.5463870830682328,0.03522769546733749,"[0.5299000140846106, 0.562874152051855]",0.0224609375,0.009724419647436077,"[0.017909769010945067, 0.027012105989054933]",1.470354601071806,0.21096219357162915,"[1.3716212552707279, 1.5690879468728842]",10.08310694694519,1.313745914691877,"[9.468254932496517, 10.697958961393862]",0.9183761803234914,0.014832272593751097,"[0.9114344630696961, 0.9253178975772868]",1.0,0.0,"[1.0, 1.0]",3.8078271406768502,0.4723956583929943,"[3.5867391670195836, 4.028915114334117]",16.156161737442016,3.1800877308639595,"[14.667834865724359, 17.644488609159673]",,,,,,,,,,,,,,
evaluation_panel,delayed_copy,relu,20,,,,,,,stress_lengths_8_10,20,0,0.38014014000898333,0.02657402883330111,"[0.36770311167842945, 0.3925771683395372]",0.000390625,0.0008015455875665267,"[1.549011761803554e-05, 0.0007657598823819646]",1.4773194298100891,0.23371378649298813,"[1.3679380107528556, 1.5867008488673227]",10.244818711280823,1.4426734170752036,"[9.569626768333254, 10.920010654228392]",0.9339050827023615,0.013078834384650405,"[0.9277839997911892, 0.9400261656135338]",1.0,0.0,"[1.0, 1.0]",3.5650992400973154,0.46649790069619934,"[3.346771502007712, 3.783426978186919]",16.35456337928772,2.780623281366137,"[15.053191624786903, 17.655935133788535]",,,,,,,,,,,,,,
evaluation_panel,two_palindrome,identity,20,,,,,,,in_distribution,20,0,0.8053538970147462,0.04297825419722102,"[0.7852394548877493, 0.8254683391417432]",0.36953125,0.11489954002029339,"[0.315756609979694, 0.42330589002030594]",1.3062265555478412,0.07742078520778857,"[1.2699925127143978, 1.3424605983812845]",12.017028522491454,2.845437728296974,"[10.685322673082988, 13.348734371899921]",0.8595548532542321,0.021394830992806025,"[0.8495417641267192, 0.869567942381745]",1.0,0.0,"[1.0, 1.0]",5.276289775900447,0.6008317541390759,"[4.995091859129925, 5.5574876926709695]",27.010124683380127,8.288993692291543,"[23.130756220679242, 30.889493146081012]",,,,,,,,,,,,,,
evaluation_panel,two_palindrome,identity,20,,,,,,,longer_lengths,20,0,0.5254116510116653,0.016834969010743522,"[0.5175326429830357, 0.5332906590402949]",0.003125,0.0029991089685543534,"[0.001721373796298949, 0.004528626203701052]",1.3113417516313401,0.07845364456900744,"[1.2746243157370425, 1.3480591875256378]",12.060981464385986,2.829253778806964,"[10.736849936491586, 13.385112992280385]",0.8705486988892943,0.021223635904787305,"[0.8606157315292822, 0.8804816662493065]",1.0,0.0,"[1.0, 1.0]",4.778512106529193,0.5463756771259363,"[4.522800418317831, 5.034223794740554]",26.996183013916017,8.19322216122094,"[23.16163700748089, 30.830729020351143]",,,,,,,,,,,,,,
evaluation_panel,two_palindrome,identity,20,,,,,,,fixed_block_length_3,20,0,0.7373779296875,0.03975489396865103,"[0.7187720665845488, 0.7559837927904512]",0.1447265625,0.062498875658061184,"[0.11547618830709624, 0.17397693669290373]",1.3204278751349459,0.07411899348899761,"[1.2857391183928883, 1.3551166318770034]",12.167409372329711,2.8364764749115365,"[10.839897518605191, 13.494921226054231]",0.8606000176185673,0.02119674826054832,"[0.8506796340634137, 0.8705204011737209]",1.0,0.0,"[1.0, 1.0]",5.151987225204519,0.5837972096363637,"[4.878761720668035, 5.425212729741003]",27.691245460510252,8.874700468820704,"[23.537757788457036, 31.84473313256347]",,,,,,,,,,,,,,
evaluation_panel,two_palindrome,identity,20,,,,,,,fixed_block_length_4,20,0,0.57410888671875,0.01968782407132186,"[0.5648947014223471, 0.583323072015153]",0.008447265625,0.0037792231639333556,"[0.006678534739210342, 0.010215996510789659]",1.3219611926982704,0.0776914661090474,"[1.2856004673034955, 1.3583219180930453]",12.201118898391723,2.841147963417469,"[10.871420720747011, 13.530817076036435]",0.8662205242789056,0.02135352692637769,"[0.8562267660495249, 0.8762142825082864]",1.0,0.0,"[1.0, 1.0]",4.871176091703244,0.5423376728289682,"[4.617354247676042, 5.1249979357304465]",27.64868507385254,8.937453477994088,"[23.465828089460096, 31.831542058244985]",,,,,,,,,,,,,,
evaluation_panel,two_palindrome,identity,20,,,,,,,stress_fixed_block_length_6,20,0,0.427294921875,0.01453023052399389,"[0.4204945646611954, 0.43409527908880463]",0.0,0.0,"[0.0, 0.0]",1.3211845950134775,0.08205323172338864,"[1.282782500473772, 1.359586689553183]",12.12374038696289,2.8277087659136497,"[10.800331947360663, 13.447148826565117]",0.8743131673911001,0.02154297857131211,"[0.8642307430625704, 0.8843955917196298]",1.0,0.0,"[1.0, 1.0]",4.559498653423213,0.5036044146728622,"[4.323804532220578, 4.795192774625848]",27.090517616271974,8.632047596085355,"[23.05059498441763, 31.13044024812632]",,,,,,,,,,,,,,
evaluation_panel,two_palindrome,tanh,20,,,,,,,in_distribution,20,0,0.7954104938075884,0.0501256011443847,"[0.7719509903416507, 0.8188699972735262]",0.3328125,0.12565745072169418,"[0.27400300278847944, 0.3916219972115206]",0.6902225903917759,0.01346341118400206,"[0.6839215199981329, 0.6965236607854189]",0.9999999940395355,1.834592256698288e-08,"[0.9999999854533795, 1.0000000026256917]",0.8696064620160122,0.01864116355796509,"[0.8608821289184891, 0.8783307951135353]",1.0,0.0,"[1.0, 1.0]",3.8534288581572356,0.24303520673486254,"[3.739684880138528, 3.9671728361759433]",11.68331069946289,1.0681926805374895,"[11.18338113614102, 12.18324026278476]",0.066686767578125,0.01402982639016792,"[0.060120606707982104, 0.07325292844826789]",,,,,,,,,,,
evaluation_panel,two_palindrome,tanh,20,,,,,,,longer_lengths,20,0,0.5166896720236741,0.022385803005081483,"[0.5062127937180593, 0.5271665503292889]",0.003125,0.0046737737626259285,"[0.0009376065467523154, 0.0053123934532476845]",0.7012260257638511,0.014472394118951284,"[0.6944527368208219, 0.7079993147068803]",0.9999999970197677,1.3328003749250112e-08,"[0.9999999907820699, 1.0000000032574654]",0.8811051506927877,0.019307538720242417,"[0.8720689444192398, 0.8901413569663357]",1.0,0.0,"[1.0, 1.0]",3.433897500326438,0.26150395973431195,"[3.3115098798354112, 3.556285120817465]",11.815731573104859,1.0287762044225295,"[11.334249488455022, 12.297213657754696]",0.06588933328557352,0.012526965952275896,"[0.060026532751199846, 0.07175213381994719]",,,,,,,,,,,
evaluation_panel,two_palindrome,tanh,20,,,,,,,fixed_block_length_3,20,0,0.726904296875,0.04848736346469996,"[0.7042115122442917, 0.7495970815057084]",0.12958984375,0.056618554995813336,"[0.10309154434138602, 0.15608814315861394]",0.6907311438886732,0.01374434607461162,"[0.6842985919189594, 0.697163695858387]",1.0,0.0,"[1.0, 1.0]",0.8698279429361666,0.01920601282799056,"[0.8608392522428169, 0.8788166336295163]",1.0,0.0,"[1.0, 1.0]",3.763084968853663,0.2377391359924744,"[3.6518196282398026, 3.874350309467524]",11.999563789367675,1.0509436721782193,"[11.507707010454368, 12.491420568280983]",0.06606640625,0.010714366828520587,"[0.06105192821860457, 0.07108088428139543]",,,,,,,,,,,
evaluation_panel,two_palindrome,tanh,20,,,,,,,fixed_block_length_4,20,0,0.56591796875,0.027944771488147477,"[0.5528394131094863, 0.5789965243905137]",0.007666015625,0.005032402253307394,"[0.005310778871561423, 0.010021252378438577]",0.6963793573595014,0.014513405480278846,"[0.6895868745085441, 0.7031718402104588]",1.0,0.0,"[1.0, 1.0]",0.8756285230998606,0.019573794465209456,"[0.8664677053018764, 0.8847893408978448]",1.0,0.0,"[1.0, 1.0]",3.5197073425972327,0.24421332169963014,"[3.405411989802597, 3.6340026953918683]",11.996088361740112,1.109467525226784,"[11.476841576480982, 12.515335146999242]",0.06580632527669271,0.011481497902086671,"[0.0604328188512574, 0.07117983170212802]",,,,,,,,,,,
evaluation_panel,two_palindrome,tanh,20,,,,,,,stress_fixed_block_length_6,20,0,0.42421875,0.015384034031271355,"[0.41701880044453926, 0.4314186995554607]",0.0,0.0,"[0.0, 0.0]",0.7044336327674792,0.014858230193846462,"[0.6974797669828832, 0.7113874985520752]",0.9999999970197677,1.3328003749250112e-08,"[0.9999999907820699, 1.0000000032574654]",0.8842213477371874,0.019447638309411795,"[0.8751195728375749, 0.8933231226367999]",1.0,0.0,"[1.0, 1.0]",3.2586066729053305,0.31212618344245846,"[3.1125271224339732, 3.4046862233766877]",11.906785154342652,1.0463767726276045,"[11.417065750211696, 12.396504558473607]",0.065169677734375,0.012225526785789718,"[0.05944795507257551, 0.07089140039617449]",,,,,,,,,,,
evaluation_panel,two_palindrome,relu,20,,,,,,,in_distribution,20,0,0.726786810903829,0.05115077846231941,"[0.7028475096839648, 0.7507261121236932]",0.2203125,0.07030564659582172,"[0.18740844454061847, 0.25321655545938154]",1.2418931546224181,0.08663424474876796,"[1.2013470799908463, 1.28243922925399]",13.20705418586731,2.69491478015362,"[11.945795244686453, 14.468313127048168]",0.8790883534327874,0.015581007352635125,"[0.8717962175252484, 0.8863804893403263]",1.0,0.0,"[1.0, 1.0]",4.2308103349364545,0.5736761464594593,"[3.9623216337750296, 4.499299036097879]",19.26791410446167,5.243540642018122,"[16.813861543358577, 21.721966665564764]",,,,,,,,,,,,,,
evaluation_panel,two_palindrome,relu,20,,,,,,,longer_lengths,20,0,0.4733828765858047,0.03629188836416633,"[0.45639774999525884, 0.49036800317635054]",0.00078125,0.0020435482960179567,"[-0.0001751600427474855, 0.0017376600427474855]",1.2614892279643626,0.07927886665396261,"[1.2243855762458116, 1.2985928796829136]",13.426533460617065,2.8251061815210483,"[12.104343068004495, 14.748723853229636]",0.8907276474604728,0.015164647418708129,"[0.883630374000267, 0.8978249209206787]",1.0,0.0,"[1.0, 1.0]",3.9472934596074385,0.6622513884969776,"[3.637350269120488, 4.257236650094389]",19.986932277679443,5.549971731630327,"[17.389465552063452, 22.584399003295434]",,,,,,,,,,,,,,
evaluation_panel,two_palindrome,relu,20,,,,,,,fixed_block_length_3,20,0,0.6558268229166667,0.0499063831204603,"[0.6324699166440721, 0.6791837291892613]",0.06865234375,0.026808187670313247,"[0.05610572571033434, 0.08119896178966565]",1.2596081730320061,0.06476378729917895,"[1.2292977875617952, 1.289918558502217]",13.601077699661255,2.849701618826666,"[12.267376288057504, 14.934779111265007]",0.8794724818303205,0.015631656284293978,"[0.8721566414930955, 0.8867883221675454]",1.0,0.0,"[1.0, 1.0]",4.20364304257256,0.5956099261350766,"[3.924889016535747, 4.482397068609374]",19.978799724578856,5.695848093660768,"[17.313060759976764, 22.644538689180948]",,,,,,,,,,,,,,
evaluation_panel,two_palindrome,relu,20,,,,,,,fixed_block_length_4,20,0,0.517181396484375,0.03779337039870525,"[0.499493554670687, 0.534869238298063]",0.00263671875,0.002031230231432144,"[0.0016860737389378631, 0.0035873637610621375]",1.2672463594090522,0.06687428189223059,"[1.2359482320646258, 1.2985444867534786]",13.6997802734375,2.9223292120183113,"[12.33208810191659, 15.067472444958412]",0.8855864516573999,0.015320437094934263,"[0.878416266384349, 0.8927566369304508]",1.0,0.0,"[1.0, 1.0]",4.026674593698901,0.6364445680998293,"[3.7288093669416593, 4.324539820456142]",20.270365905761718,5.57450332457289,"[17.661418041236224, 22.87931377028721]",,,,,,,,,,,,,,
evaluation_panel,two_palindrome,relu,20,,,,,,,stress_fixed_block_length_6,20,0,0.3918050130208333,0.0245635656281158,"[0.3803089104338796, 0.40330111560778703]",0.0,0.0,"[0.0, 0.0]",1.269921775957423,0.07201863990585439,"[1.2362160149508485, 1.3036275369639976]",13.635167455673217,3.078336870090061,"[12.194461452663184, 15.075873458683251]",0.8942025518458955,0.014425684723089525,"[0.8874511235730447, 0.9009539801187463]",1.0,0.0,"[1.0, 1.0]",3.836237177617619,0.6780303623974524,"[3.518909200026752, 4.153565155208486]",20.41812686920166,7.002832319151794,"[17.140700458108615, 23.695553280294707]",,,,,,,,,,,,,,
paired_comparison,delayed_copy,,,,,,,,,in_distribution,,,,,,,,,,,,,,,,,,,,,,,,,,,,,,identity_minus_tanh,token_accuracy,20,"[0, 1, 2, 3, 4, 5, 6, 7, 8, 9, 10, 11, 12, 13, 14, 15, 16, 17, 18, 19]","[0.025348542458808576, -0.007741935483870921, 0.05064935064935061, -0.04828462515883092, 0.038461538461538436, -0.033290653008962834, 0.05541237113402053, -0.03213367609254503, 0.053846153846153766, 0.03880983182406217, 0.03149606299212604, 0.07291666666666663, 0.04107830551989733, 0.02918781725888331, 0.031766200762388896, 0.001322751322751281, 0.02734375, 0.023809523809523836, 0.0546875, 0.04263565891472865]",0.024866056793834516,0.032695759125366805,"[0.009563970494388048, 0.040168143093280984]",16,0,4
paired_comparison,delayed_copy,,,,,,,,,in_distribution,,,,,,,,,,,,,,,,,,,,,,,,,,,,,,identity_minus_tanh,exact_sequence_accuracy,20,"[0, 1, 2, 3, 4, 5, 6, 7, 8, 9, 10, 11, 12, 13, 14, 15, 16, 17, 18, 19]","[0.0546875, -0.02734375, 0.0703125, -0.1171875, 0.078125, -0.05859375, 0.125, -0.1015625, 0.08984375, 0.1015625, 0.05078125, 0.17578125, 0.08984375, 0.06640625, 0.078125, 0.015625, 0.0546875, 0.0625, 0.11328125, 0.09765625]",0.0509765625,0.07465005177325182,"[0.01603926283026398, 0.08591386216973602]",16,0,4
paired_comparison,delayed_copy,,,,,,,,,in_distribution,,,,,,,,,,,,,,,,,,,,,,,,,,,,,,identity_minus_tanh,readout_feature_rms,20,"[0, 1, 2, 3, 4, 5, 6, 7, 8, 9, 10, 11, 12, 13, 14, 15, 16, 17, 18, 19]","[0.37652855828824694, 0.42597047120944154, 0.4423036908754855, 0.5099511653291378, 0.3039520096572407, 0.6005152536992369, 0.36844910922531937, 0.4699519407683832, 0.3694994540441595, 0.4873525478184001, 0.4164318134079176, 0.7067296543312759, 0.5315120742517437, 0.3260502778811418, 0.44824663995190994, 0.5317095510436716, 0.4892880214589388, 0.31908936189451476, 0.46850936827967227, 0.5228457270548825]",0.455744334523536,0.09945440379334682,"[0.4091982407665306, 0.5022904282805415]",20,0,0
paired_comparison,delayed_copy,,,,,,,,,in_distribution,,,,,,,,,,,,,,,,,,,,,,,,,,,,,,identity_minus_tanh,readout_feature_max_abs,20,"[0, 1, 2, 3, 4, 5, 6, 7, 8, 9, 10, 11, 12, 13, 14, 15, 16, 17, 18, 19]","[8.512787878513336, 7.563714981079102, 7.457867085933685, 8.663590610027313, 7.483156204223633, 8.20636373758316, 8.571004450321198, 7.634974539279938, 7.377965033054352, 9.173737227916718, 8.043181419372559, 7.737268507480621, 7.650523245334625, 5.976166725158691, 14.766554832458496, 9.522010803222656, 6.761732697486877, 7.303048312664032, 9.24373584985733, 6.833788573741913]",8.224158635735511,1.7775484122217902,"[7.392240370710162, 9.05607690076086]",20,0,0
paired_comparison,delayed_copy,,,,,,,,,in_distribution,,,,,,,,,,,,,,,,,,,,,,,,,,,,,,identity_minus_tanh,recurrent_state_rms,20,"[0, 1, 2, 3, 4, 5, 6, 7, 8, 9, 10, 11, 12, 13, 14, 15, 16, 17, 18, 19]","[-0.020066219773205995, -0.008885475333678783, -0.02153986391998297, -0.005398919768971444, -0.03030666688533845, 0.006691696141933323, -0.04041067680539456, 0.0022658887675580663, -0.03227121403994848, -0.020990781820343307, -0.00262882383301255, -0.02308881041630262, -0.012891297678059854, -0.02543644796905442, -0.021992212873219286, -0.007746767451382697, -0.021363199044176384, -0.046296612057328046, -0.026512683202136733, -0.01642007675883428]",-0.018764458236043974,0.013543829735563841,"[-0.02510316567036118, -0.012425750801726768]",2,0,18
paired_comparison,delayed_copy,,,,,,,,,in_distribution,,,,,,,,,,,,,,,,,,,,,,,,,,,,,,identity_minus_tanh,recurrent_state_max_abs,20,"[0, 1, 2, 3, 4, 5, 6, 7, 8, 9, 10, 11, 12, 13, 14, 15, 16, 17, 18, 19]","[0.0, 0.0, 0.0, 0.0, 0.0, 0.0, 0.0, 0.0, 0.0, 0.0, 0.0, 0.0, 0.0, 0.0, 0.0, 0.0, 0.0, 0.0, 0.0, 0.0]",0.0,0.0,"[0.0, 0.0]",0,20,0
paired_comparison,delayed_copy,,,,,,,,,in_distribution,,,,,,,,,,,,,,,,,,,,,,,,,,,,,,identity_minus_tanh,logit_rms,20,"[0, 1, 2, 3, 4, 5, 6, 7, 8, 9, 10, 11, 12, 13, 14, 15, 16, 17, 18, 19]","[1.3655089431970273, 0.7995287318493451, 2.22970765721657, 1.5957069629491252, 0.281739624726872, 2.5055793056666733, 1.2781143072852106, 1.369837860371352, 1.0922222550768206, 0.6424893406164687, 0.954724975209623, 0.9762057440991421, 0.5221488989024698, 1.1542552434765798, 2.149511524330769, 1.3324868707898814, 0.7164319039761371, 0.8711670665000071, 1.9721157939244929, 2.4859130846244493]",1.3147698047394507,0.6540955297764537,"[1.008643673630416, 1.6208959358484853]",20,0,0
paired_comparison,delayed_copy,,,,,,,,,in_distribution,,,,,,,,,,,,,,,,,,,,,,,,,,,,,,identity_minus_tanh,logit_max_abs,20,"[0, 1, 2, 3, 4, 5, 6, 7, 8, 9, 10, 11, 12, 13, 14, 15, 16, 17, 18, 19]","[7.73422908782959, 4.016712188720703, 7.33319091796875, 10.17932415008545, 7.504978179931641, 15.221689224243164, 5.147446632385254, 7.213339805603027, 6.39797306060791, 3.3462438583374023, 2.8369245529174805, 3.1367645263671875, 10.194845199584961, 16.290653228759766, 15.040730476379395, 12.579652786254883, 6.0879106521606445, 4.682666778564453, 12.704693794250488, 8.783208847045898]",8.321658897399903,4.206847943177402,"[6.352793454382687, 10.290524340417118]",20,0,0
paired_comparison,delayed_copy,,,,,,,,,longer_lengths,,,,,,,,,,,,,,,,,,,,,,,,,,,,,,identity_minus_tanh,token_accuracy,20,"[0, 1, 2, 3, 4, 5, 6, 7, 8, 9, 10, 11, 12, 13, 14, 15, 16, 17, 18, 19]","[0.02302158273381294, -0.012866333095067906, 0.06728045325779042, -0.0395968322534197, 0.05014124293785305, -0.012747875354107596, 0.01348474095102914, -0.07198306280875089, 0.052894924946390254, 0.009971509971509973, 0.14701704545454541, 0.03827072997873848, 0.0276792051100071, -0.0028228652081863093, 0.05255681818181823, 0.007735583684950864, 0.03218884120171672, -0.031029619181946355, 0.055118110236220486, 0.04226361031518622]",0.022428890553004528,0.0465461634470426,"[0.0006446154962988018, 0.04421316560971025]",14,0,6
paired_comparison,delayed_copy,,,,,,,,,longer_lengths,,,,,,,,,,,,,,,,,,,,,,,,,,,,,,identity_minus_tanh,exact_sequence_accuracy,20,"[0, 1, 2, 3, 4, 5, 6, 7, 8, 9, 10, 11, 12, 13, 14, 15, 16, 17, 18, 19]","[-0.01171875, -0.015625, 0.0078125, -0.0078125, 0.01171875, -0.00390625, 0.04296875, -0.01171875, 0.015625, 0.03125, 0.03125, 0.0390625, -0.015625, 0.01953125, 0.015625, 0.0078125, 0.01171875, 0.01953125, 0.0234375, 0.00390625]",0.0107421875,0.017872624390699306,"[0.0023775418046538925, 0.019106833195346107]",14,0,6
paired_comparison,delayed_copy,,,,,,,,,longer_lengths,,,,,,,,,,,,,,,,,,,,,,,,,,,,,,identity_minus_tanh,readout_feature_rms,20,"[0, 1, 2, 3, 4, 5, 6, 7, 8, 9, 10, 11, 12, 13, 14, 15, 16, 17, 18, 19]","[0.3663395625388751, 0.4990422410218869, 0.4884221866245485, 0.5054540799429819, 0.3260024124656775, 0.504669151289864, 0.4267605320832246, 0.4955634556129377, 0.39734119808226276, 0.5236533328025923, 0.4247951702539565, 0.7909542945512245, 0.5648580596402412, 0.3101462850661021, 0.40598063658993455, 0.5261909731419313, 0.5364349436895393, 0.34564614118372927, 0.4736375361366242, 0.5128396495029778]",0.4712365921110556,0.1062175908101333,"[0.4215252293968945, 0.5209479548252167]",20,0,0
paired_comparison,delayed_copy,,,,,,,,,longer_lengths,,,,,,,,,,,,,,,,,,,,,,,,,,,,,,identity_minus_tanh,readout_feature_max_abs,20,"[0, 1, 2, 3, 4, 5, 6, 7, 8, 9, 10, 11, 12, 13, 14, 15, 16, 17, 18, 19]","[8.755396902561188, 7.832126617431641, 8.015539467334747, 8.752708435058594, 7.549337387084961, 7.520153105258942, 8.035738587379456, 7.583691895008087, 7.377964973449707, 10.125359892845154, 8.289414405822754, 7.737268507480621, 7.754016935825348, 6.0928263664245605, 15.906196594238281, 9.422806739807129, 7.371802866458893, 7.850390315055847, 9.905977189540863, 6.743229627609253]",8.4310973405838,2.012760704673917,"[7.489096334124238, 9.373098347043364]",20,0,0
paired_comparison,delayed_copy,,,,,,,,,longer_lengths,,,,,,,,,,,,,,,,,,,,,,,,,,,,,,identity_minus_tanh,recurrent_state_rms,20,"[0, 1, 2, 3, 4, 5, 6, 7, 8, 9, 10, 11, 12, 13, 14, 15, 16, 17, 18, 19]","[-0.018727173941884057, -0.008677476573014653, -0.018472454124599524, -0.005704332233720799, -0.02485240242432074, 0.005459323298457552, -0.03289822921320218, 0.00601925264965486, -0.032331591513259816, -0.01678988407362325, -0.008443593564920748, -0.02054528796197086, -0.01128681907149065, -0.026897565487655317, -0.01797936866845684, -0.009311705027987838, -0.01602270662113514, -0.047288332089983065, -0.021392438703386474, -0.004250796750532193]",-0.016519679104851588,0.01289194537695899,"[-0.022553295268023126, -0.01048606294168005]",2,0,18
paired_comparison,delayed_copy,,,,,,,,,longer_lengths,,,,,,,,,,,,,,,,,,,,,,,,,,,,,,identity_minus_tanh,recurrent_state_max_abs,20,"[0, 1, 2, 3, 4, 5, 6, 7, 8, 9, 10, 11, 12, 13, 14, 15, 16, 17, 18, 19]","[0.0, 0.0, 0.0, 0.0, 0.0, 0.0, 0.0, 0.0, 0.0, 0.0, 0.0, 0.0, 0.0, 0.0, 0.0, 0.0, 0.0, 0.0, 0.0, 0.0]",0.0,0.0,"[0.0, 0.0]",0,20,0
paired_comparison,delayed_copy,,,,,,,,,longer_lengths,,,,,,,,,,,,,,,,,,,,,,,,,,,,,,identity_minus_tanh,logit_rms,20,"[0, 1, 2, 3, 4, 5, 6, 7, 8, 9, 10, 11, 12, 13, 14, 15, 16, 17, 18, 19]","[1.2570745953478961, 0.949093587922031, 2.290048847616766, 1.4442230008147203, 0.325900953458917, 1.8129154599068071, 1.685482506666935, 1.3777023488357902, 0.9700321622329335, 0.7896088007479576, 1.0085817827943284, 0.9757265832736604, 0.6524080164035304, 1.394437478015186, 1.9216053815852874, 1.331039591126645, 0.76908125145401, 0.8031918489506218, 1.8474776037961327, 1.8833867794805697]",1.2744509290215362,0.5141869744411024,"[1.0338040173905847, 1.5150978406524878]",20,0,0
paired_comparison,delayed_copy,,,,,,,,,longer_lengths,,,,,,,,,,,,,,,,,,,,,,,,,,,,,,identity_minus_tanh,logit_max_abs,20,"[0, 1, 2, 3, 4, 5, 6, 7, 8, 9, 10, 11, 12, 13, 14, 15, 16, 17, 18, 19]","[7.575882911682129, 4.663858413696289, 8.157891273498535, 7.904932975769043, 7.459654808044434, 15.604018211364746, 6.288731575012207, 7.948260307312012, 8.834285736083984, 2.6014413833618164, 2.8731489181518555, 2.8103418350219727, 8.283367156982422, 11.170177459716797, 16.01265811920166, 12.9481782913208, 6.639801979064941, 3.486050605773926, 12.994750022888184, 7.8287153244018555]",8.10430736541748,3.981854313453311,"[6.24074218246343, 9.96787254837153]",20,0,0
paired_comparison,delayed_copy,,,,,,,,,stress_lengths_8_10,,,,,,,,,,,,,,,,,,,,,,,,,,,,,,identity_minus_tanh,token_accuracy,20,"[0, 1, 2, 3, 4, 5, 6, 7, 8, 9, 10, 11, 12, 13, 14, 15, 16, 17, 18, 19]","[0.03321829163071616, -0.036748811067877196, 0.014139656297585401, -0.0026138096275321043, 0.01938401895326297, -0.01801215277777779, -0.03218090889323766, -0.0008674907829104295, -0.024602656215980845, 0.000649772579597141, 0.07722258273848148, 0.01595859391848181, -0.009588145565482653, -0.05339386078685693, 0.019243385086376574, 0.028664495114006483, 0.017845484221980457, -0.07184466019417474, 0.023984442523768357, 0.020112456747404805]",0.001028534194991565,0.033868531723315116,"[-0.014822426575747054, 0.016879494965730185]",11,0,9
paired_comparison,delayed_copy,,,,,,,,,stress_lengths_8_10,,,,,,,,,,,,,,,,,,,,,,,,,,,,,,identity_minus_tanh,exact_sequence_accuracy,20,"[0, 1, 2, 3, 4, 5, 6, 7, 8, 9, 10, 11, 12, 13, 14, 15, 16, 17, 18, 19]","[0.0, 0.0, -0.001953125, 0.0, 0.0, 0.0, 0.0, -0.001953125, 0.0, 0.0, 0.001953125, 0.0, 0.0, 0.001953125, 0.0, 0.001953125, 0.0, 0.0, 0.0, -0.001953125]",0.0,0.0010975614979472977,"[-0.0005136745929691232, 0.0005136745929691232]",3,14,3
paired_comparison,delayed_copy,,,,,,,,,stress_lengths_8_10,,,,,,,,,,,,,,,,,,,,,,,,,,,,,,identity_minus_tanh,readout_feature_rms,20,"[0, 1, 2, 3, 4, 5, 6, 7, 8, 9, 10, 11, 12, 13, 14, 15, 16, 17, 18, 19]","[0.3543380064561763, 0.5468532002338424, 0.5140359748593556, 0.5386141459410738, 0.32701040226493416, 0.4844356234435051, 0.4644005859650111, 0.511137189769618, 0.4235986200423768, 0.5287695233943746, 0.4281365499162709, 0.8537401045109991, 0.5932774041926953, 0.31287208169376957, 0.39016212165731246, 0.532255739003895, 0.5500653976191752, 0.36844026952395714, 0.4934635052150673, 0.5060470629715188]",0.48608267543374645,0.1184245849515467,"[0.430658263602343, 0.54150708726515]",20,0,0
paired_comparison,delayed_copy,,,,,,,,,stress_lengths_8_10,,,,,,,,,,,,,,,,,,,,,,,,,,,,,,identity_minus_tanh,readout_feature_max_abs,20,"[0, 1, 2, 3, 4, 5, 6, 7, 8, 9, 10, 11, 12, 13, 14, 15, 16, 17, 18, 19]","[8.691430151462555, 7.651861190795898, 8.0515376329422, 9.890881776809692, 8.311604499816895, 7.149109899997711, 8.362798273563385, 7.08869481086731, 8.654506742954254, 10.090632498264313, 8.14173698425293, 8.066666662693024, 8.04408746957779, 6.064428329467773, 16.235563278198242, 9.43839168548584, 9.015553951263428, 7.643524944782257, 9.853915572166443, 6.853938639163971]",8.665043249726295,2.0709687849316,"[7.695800023136198, 9.634286476316392]",20,0,0
paired_comparison,delayed_copy,,,,,,,,,stress_lengths_8_10,,,,,,,,,,,,,,,,,,,,,,,,,,,,,,identity_minus_tanh,recurrent_state_rms,20,"[0, 1, 2, 3, 4, 5, 6, 7, 8, 9, 10, 11, 12, 13, 14, 15, 16, 17, 18, 19]","[-0.018162828524953323, -0.00733693146920622, -0.01820064965007795, -0.006643502746191299, -0.024414099014054003, 0.004931647634393133, -0.02135383106597044, 0.0058591313748710405, -0.0251273710316694, -0.016588789367292578, -0.008109515357936914, -0.017989830522623262, -0.013331277376865236, -0.027452778012629242, -0.014780973013517773, -0.009943964840687491, -0.0147550873608705, -0.046269726937524736, -0.01317288336242095, 0.003409546712089373]",-0.014471685696656888,0.012073608599266105,"[-0.02012230845856642, -0.008821062934747357]",3,0,17
paired_comparison,delayed_copy,,,,,,,,,stress_lengths_8_10,,,,,,,,,,,,,,,,,,,,,,,,,,,,,,identity_minus_tanh,recurrent_state_max_abs,20,"[0, 1, 2, 3, 4, 5, 6, 7, 8, 9, 10, 11, 12, 13, 14, 15, 16, 17, 18, 19]","[0.0, 0.0, 0.0, 0.0, 0.0, 0.0, 0.0, 0.0, 0.0, 0.0, 0.0, 0.0, 0.0, 0.0, 0.0, 0.0, 0.0, 0.0, 0.0, 0.0]",0.0,0.0,"[0.0, 0.0]",0,20,0
paired_comparison,delayed_copy,,,,,,,,,stress_lengths_8_10,,,,,,,,,,,,,,,,,,,,,,,,,,,,,,identity_minus_tanh,logit_rms,20,"[0, 1, 2, 3, 4, 5, 6, 7, 8, 9, 10, 11, 12, 13, 14, 15, 16, 17, 18, 19]","[1.1967012874786698, 0.8838131375381901, 2.158527805227403, 1.3660941337667474, 0.3353500147763935, 1.3848140896633825, 1.5112717512104412, 1.4216386047134182, 0.6792003430996258, 0.8050083122997207, 1.0308869370289466, 0.9410724407073516, 0.5714195108980711, 1.5699400771551968, 1.9842077406988259, 1.2963754075531302, 0.6855153888750984, 0.6143327008235757, 1.8296969171346347, 1.8308331656424075]",1.2048349883145615,0.5158014567166171,"[0.9634324757197623, 1.4462375009093607]",20,0,0
paired_comparison,delayed_copy,,,,,,,,,stress_lengths_8_10,,,,,,,,,,,,,,,,,,,,,,,,,,,,,,identity_minus_tanh,logit_max_abs,20,"[0, 1, 2, 3, 4, 5, 6, 7, 8, 9, 10, 11, 12, 13, 14, 15, 16, 17, 18, 19]","[7.002897262573242, 4.1249847412109375, 7.841041564941406, 7.027386665344238, 7.918022155761719, 12.600044250488281, 6.8070478439331055, 7.044501304626465, 6.0332183837890625, 2.1641921997070312, 3.143803596496582, 2.649717330932617, 10.439238548278809, 15.834959030151367, 16.129740715026855, 12.837450981140137, 3.804628372192383, 3.658869743347168, 12.616642951965332, 7.777983665466309]",7.872818565368652,4.260796270292676,"[5.878704528059334, 9.86693260267797]",20,0,0
paired_comparison,delayed_copy,,,,,,,,,in_distribution,,,,,,,,,,,,,,,,,,,,,,,,,,,,,,relu_minus_tanh,token_accuracy,20,"[0, 1, 2, 3, 4, 5, 6, 7, 8, 9, 10, 11, 12, 13, 14, 15, 16, 17, 18, 19]","[-0.22053231939163498, -0.13548387096774195, -0.00909090909090915, -0.010165184243964398, -0.10384615384615392, -0.06145966709346995, 0.029639175257731964, -0.03984575835475579, -0.0871794871794872, 0.02587322121604141, 0.0, 0.0234375, -0.06931964056482676, -0.06852791878172582, -0.08513341804320196, -0.025132275132275117, -0.0390625, -0.10317460317460314, 0.0, -0.05297157622739024]",-0.05159876928091835,0.06161496115368129,"[-0.08043545875173043, -0.022762079810106264]",3,2,15
paired_comparison,delayed_copy,,,,,,,,,in_distribution,,,,,,,,,,,,,,,,,,,,,,,,,,,,,,relu_minus_tanh,exact_sequence_accuracy,20,"[0, 1, 2, 3, 4, 5, 6, 7, 8, 9, 10, 11, 12, 13, 14, 15, 16, 17, 18, 19]","[-0.40625, -0.21484375, -0.01953125, -0.04296875, -0.21875, -0.125, 0.0234375, -0.1015625, -0.19921875, 0.0703125, -0.01171875, 0.05078125, -0.109375, -0.1171875, -0.1875, -0.0390625, -0.0546875, -0.18359375, -0.0078125, -0.09375]",-0.0994140625,0.11364205670127249,"[-0.15260018221117375, -0.04622794278882624]",3,0,17
paired_comparison,delayed_copy,,,,,,,,,in_distribution,,,,,,,,,,,,,,,,,,,,,,,,,,,,,,relu_minus_tanh,readout_feature_rms,20,"[0, 1, 2, 3, 4, 5, 6, 7, 8, 9, 10, 11, 12, 13, 14, 15, 16, 17, 18, 19]","[0.7823172660838333, 1.2053464285607434, 0.6768412727457754, 0.6743120481960789, 0.8071151036729979, 0.9438933324593242, 0.7343445979823283, 0.9968447283418935, 1.0717625107762165, 0.4605485349731683, 0.47919777093544835, 0.6763304135661158, 0.836893665217027, 0.7501838641599312, 0.621954942581323, 0.8010279387666992, 0.744944846029931, 0.5295039148649917, 0.7929870629502517, 0.6402118640352896]",0.7613281053449684,0.18835897174294394,"[0.6731733929911781, 0.8494828176987588]",20,0,0
paired_comparison,delayed_copy,,,,,,,,,in_distribution,,,,,,,,,,,,,,,,,,,,,,,,,,,,,,relu_minus_tanh,readout_feature_max_abs,20,"[0, 1, 2, 3, 4, 5, 6, 7, 8, 9, 10, 11, 12, 13, 14, 15, 16, 17, 18, 19]","[7.529392302036285, 10.947442054748535, 8.521739423274994, 9.285368144512177, 10.541816711425781, 9.196719229221344, 7.071532785892487, 10.630787909030914, 6.504339754581451, 9.375167548656464, 9.715081214904785, 8.982126295566559, 8.108888685703278, 8.175423622131348, 8.56509017944336, 10.89942741394043, 10.627812027931213, 8.952844798564911, 10.18276458978653, 8.590539157390594]",9.120215192437172,1.2802343114795196,"[8.521047091074049, 9.719383293800295]",20,0,0
paired_comparison,delayed_copy,,,,,,,,,in_distribution,,,,,,,,,,,,,,,,,,,,,,,,,,,,,,relu_minus_tanh,recurrent_state_rms,20,"[0, 1, 2, 3, 4, 5, 6, 7, 8, 9, 10, 11, 12, 13, 14, 15, 16, 17, 18, 19]","[0.05339536573723391, 0.053867490203925006, -0.010005600428423689, -0.007929189962875616, 0.0321202908399979, 0.02993500874318622, -0.010323198533685907, 0.01888272830084925, 0.024785367957908644, -0.00181473132650678, 0.00939833174507132, -0.0037436459532010913, 0.02584565508055503, 0.03028422927161778, 0.029009820411836418, 0.0024414331858424454, 0.020701688299947785, 0.011991523288266026, 0.015317977682637873, 0.006770957044338499]",0.01654657507942605,0.018968635054703496,"[0.0076689806037381555, 0.025424169555113944]",15,0,5
paired_comparison,delayed_copy,,,,,,,,,in_distribution,,,,,,,,,,,,,,,,,,,,,,,,,,,,,,relu_minus_tanh,recurrent_state_max_abs,20,"[0, 1, 2, 3, 4, 5, 6, 7, 8, 9, 10, 11, 12, 13, 14, 15, 16, 17, 18, 19]","[0.0, 0.0, 0.0, 0.0, 0.0, 0.0, 0.0, 0.0, 0.0, 0.0, 0.0, 0.0, 0.0, 0.0, 0.0, 0.0, 0.0, 0.0, 0.0, 0.0]",0.0,0.0,"[0.0, 0.0]",0,20,0
paired_comparison,delayed_copy,,,,,,,,,in_distribution,,,,,,,,,,,,,,,,,,,,,,,,,,,,,,relu_minus_tanh,logit_rms,20,"[0, 1, 2, 3, 4, 5, 6, 7, 8, 9, 10, 11, 12, 13, 14, 15, 16, 17, 18, 19]","[-0.2728094217212078, 0.4477538633116085, 1.7992389676533533, 0.022115211817025582, -0.28296180092385637, 1.1941128890034136, 0.3353121250179618, 0.8193990288411519, 0.07889885510883232, 0.29364910716093107, -0.14308172861014024, 0.4586002611691886, -0.10130077572043161, 1.1943908450435603, 0.9967538729563237, 0.6314445012453014, 0.6360690136085663, 0.674279758283709, 0.9021102168193575, 0.710236862981898]",0.5197105826523274,0.549175843299494,"[0.2626883763313762, 0.7767327889732786]",16,0,4
paired_comparison,delayed_copy,,,,,,,,,in_distribution,,,,,,,,,,,,,,,,,,,,,,,,,,,,,,relu_minus_tanh,logit_max_abs,20,"[0, 1, 2, 3, 4, 5, 6, 7, 8, 9, 10, 11, 12, 13, 14, 15, 16, 17, 18, 19]","[3.8755931854248047, 4.72382926940918, 6.094318389892578, 2.4084272384643555, 3.300779342651367, 5.4641265869140625, 2.7173595428466797, 7.823979377746582, 1.9172382354736328, 11.116619110107422, 1.1754379272460938, 1.3273611068725586, -0.06614875793457031, 3.087675094604492, 8.910660743713379, 6.688398361206055, 7.7016496658325195, 3.7237253189086914, 5.254281044006348, 10.15097427368164]",4.869814252853393,3.1054047773344102,"[3.416440079301416, 6.323188426405371]",19,0,1
paired_comparison,delayed_copy,,,,,,,,,longer_lengths,,,,,,,,,,,,,,,,,,,,,,,,,,,,,,relu_minus_tanh,token_accuracy,20,"[0, 1, 2, 3, 4, 5, 6, 7, 8, 9, 10, 11, 12, 13, 14, 15, 16, 17, 18, 19]","[-0.13381294964028773, -0.09292351679771271, 0.022662889518413665, 0.010079193664506825, -0.07838983050847459, -0.02053824362606227, 0.004968062455642297, -0.08609738884968243, -0.011436740528949274, 0.00925925925925919, 0.0859375, 0.009213323883770386, -0.07594038325053232, -0.016231474947071334, -0.019176136363636354, -0.011954992967651124, -0.023605150214592308, -0.07404795486600846, 0.022190408017179752, 0.008595988538681931]",-0.023562406861160342,0.05175381887364253,"[-0.04778393968117603, 0.0006591259588553458]",8,0,12
paired_comparison,delayed_copy,,,,,,,,,longer_lengths,,,,,,,,,,,,,,,,,,,,,,,,,,,,,,relu_minus_tanh,exact_sequence_accuracy,20,"[0, 1, 2, 3, 4, 5, 6, 7, 8, 9, 10, 11, 12, 13, 14, 15, 16, 17, 18, 19]","[-0.0390625, -0.0234375, -0.0234375, -0.0078125, -0.02734375, -0.01953125, 0.015625, -0.01171875, 0.0, 0.01171875, 0.00390625, 0.015625, -0.02734375, -0.00390625, 0.0, -0.0390625, 0.0, -0.01171875, 0.00390625, -0.01171875]",-0.009765625,0.016645344262242,"[-0.017555885914517476, -0.0019753640854825224]",5,3,12
paired_comparison,delayed_copy,,,,,,,,,longer_lengths,,,,,,,,,,,,,,,,,,,,,,,,,,,,,,relu_minus_tanh,readout_feature_rms,20,"[0, 1, 2, 3, 4, 5, 6, 7, 8, 9, 10, 11, 12, 13, 14, 15, 16, 17, 18, 19]","[0.7269288539467441, 1.2402528324691189, 0.6817260405681519, 0.6955776874533874, 0.9052311037260814, 0.9579463335984999, 0.7315082524778691, 1.0647649811141, 1.1134655160181601, 0.4692451181970261, 0.49824069408691685, 0.6649416738609322, 0.8613837695587451, 0.6406280080522826, 0.6046064187499809, 0.8207847795191677, 0.7319021302736108, 0.48709430138971666, 0.7258039346463067, 0.6478531372203796]",0.7634942783463589,0.20827000656584377,"[0.6660209148487597, 0.860967641843958]",20,0,0
paired_comparison,delayed_copy,,,,,,,,,longer_lengths,,,,,,,,,,,,,,,,,,,,,,,,,,,,,,relu_minus_tanh,readout_feature_max_abs,20,"[0, 1, 2, 3, 4, 5, 6, 7, 8, 9, 10, 11, 12, 13, 14, 15, 16, 17, 18, 19]","[7.252346098423004, 11.478076934814453, 8.576623260974884, 9.514135360717773, 10.614727020263672, 8.90943056344986, 6.950172066688538, 9.404754936695099, 6.604124069213867, 9.026591658592224, 9.218244552612305, 9.28326803445816, 8.108888685703278, 8.175423622131348, 8.78111457824707, 11.470298767089844, 10.093702852725983, 9.339194178581238, 10.184120118618011, 8.676924467086792]",9.08310809135437,1.3137455496211117,"[8.468256247764076, 9.697959934944665]",20,0,0
paired_comparison,delayed_copy,,,,,,,,,longer_lengths,,,,,,,,,,,,,,,,,,,,,,,,,,,,,,relu_minus_tanh,recurrent_state_rms,20,"[0, 1, 2, 3, 4, 5, 6, 7, 8, 9, 10, 11, 12, 13, 14, 15, 16, 17, 18, 19]","[0.04987728557420279, 0.049594235805971554, -0.003212784226201193, -0.009264329329082499, 0.031650451555713444, 0.025189482512898875, -0.011538610532536686, 0.019176587904598086, 0.0223102641955506, 0.0033537209475520413, 0.009428029300373009, -0.003277104629637817, 0.02613094128442328, 0.021845575276532414, 0.0330919835425576, 0.0014132244111604297, 0.021674969906868347, 0.014345482434824475, 0.0112482372583107, 0.011261731140476683]",0.016214968716727805,0.01734604537325074,"[0.008096769587665094, 0.024333167845790517]",16,0,4
paired_comparison,delayed_copy,,,,,,,,,longer_lengths,,,,,,,,,,,,,,,,,,,,,,,,,,,,,,relu_minus_tanh,recurrent_state_max_abs,20,"[0, 1, 2, 3, 4, 5, 6, 7, 8, 9, 10, 11, 12, 13, 14, 15, 16, 17, 18, 19]","[0.0, 0.0, 0.0, 0.0, 0.0, 0.0, 0.0, 0.0, 0.0, 0.0, 0.0, 0.0, 0.0, 0.0, 0.0, 0.0, 0.0, 0.0, 0.0, 0.0]",0.0,0.0,"[0.0, 0.0]",0,20,0
paired_comparison,delayed_copy,,,,,,,,,longer_lengths,,,,,,,,,,,,,,,,,,,,,,,,,,,,,,relu_minus_tanh,logit_rms,20,"[0, 1, 2, 3, 4, 5, 6, 7, 8, 9, 10, 11, 12, 13, 14, 15, 16, 17, 18, 19]","[-0.5642762388062943, 0.32281648231668125, 1.9455503554721845, 0.06901668575682107, -0.2535388349781087, 1.120922749111334, 0.513259143070913, 0.7755870261618472, 0.07196062909032941, 0.17036871503612616, 0.03902067589347702, 0.3571393248726302, -0.026889944131377685, 1.3476158877359148, 0.5505305150121176, 0.6748524278492329, 0.5688732542282549, 0.497687945498114, 0.9645605949152216, 0.5648034014507628]",0.4854930397778091,0.5732393674978916,"[0.2172087574628182, 0.7537773220928]",17,0,3
paired_comparison,delayed_copy,,,,,,,,,longer_lengths,,,,,,,,,,,,,,,,,,,,,,,,,,,,,,relu_minus_tanh,logit_max_abs,20,"[0, 1, 2, 3, 4, 5, 6, 7, 8, 9, 10, 11, 12, 13, 14, 15, 16, 17, 18, 19]","[1.3263120651245117, 6.083623886108398, 8.548991203308105, 2.785141944885254, 3.628408432006836, 5.91701602935791, 3.2726545333862305, 4.718615531921387, 2.216740608215332, 10.558486938476562, 1.4690208435058594, 0.6227951049804688, 0.5597362518310547, 4.624631881713867, 8.796216011047363, 7.20719051361084, 7.793723106384277, 3.2669429779052734, 5.259751319885254, 10.305283546447754]",4.948064136505127,3.131629882383187,"[3.4824162359804953, 6.413712037029758]",20,0,0
paired_comparison,delayed_copy,,,,,,,,,stress_lengths_8_10,,,,,,,,,,,,,,,,,,,,,,,,,,,,,,relu_minus_tanh,token_accuracy,20,"[0, 1, 2, 3, 4, 5, 6, 7, 8, 9, 10, 11, 12, 13, 14, 15, 16, 17, 18, 19]","[-0.029767040552200197, -0.03220925205361003, 0.015879921688057463, 0.013504683075582669, -0.021753176825328457, -0.03559027777777779, -0.014350945857795172, -0.010843634786380396, -0.01001524058349662, 0.02425817630495991, 0.10447761194029848, -0.0006469700237222153, -0.02963608629331005, 0.015780371811500216, 0.032363874917996915, 0.035830618892508104, 0.002611534276387384, -0.046386192017259964, 0.04818496110630943, 0.047145328719723156]",0.005441913298122142,0.03670327116534242,"[-0.011735746369926754, 0.022619572966171037]",10,0,10
paired_comparison,delayed_copy,,,,,,,,,stress_lengths_8_10,,,,,,,,,,,,,,,,,,,,,,,,,,,,,,relu_minus_tanh,exact_sequence_accuracy,20,"[0, 1, 2, 3, 4, 5, 6, 7, 8, 9, 10, 11, 12, 13, 14, 15, 16, 17, 18, 19]","[0.0, 0.0, 0.0, 0.001953125, 0.0, 0.0, 0.0, 0.0, 0.0, 0.0, 0.0, 0.0, 0.0, 0.001953125, 0.0, 0.0, 0.0, 0.0, 0.0, -0.001953125]",9.765625e-05,0.0007695985602074339,"[-0.0002625269633356771, 0.00045783946333567715]",2,17,1
paired_comparison,delayed_copy,,,,,,,,,stress_lengths_8_10,,,,,,,,,,,,,,,,,,,,,,,,,,,,,,relu_minus_tanh,readout_feature_rms,20,"[0, 1, 2, 3, 4, 5, 6, 7, 8, 9, 10, 11, 12, 13, 14, 15, 16, 17, 18, 19]","[0.6816436235841037, 1.2684363862884476, 0.6805102888363795, 0.6674334709173906, 0.9932545560211309, 0.9609864582747131, 0.7115130848332842, 1.0803991114521896, 1.128599764320409, 0.4153281919418137, 0.47641485619516455, 0.665447118249026, 0.8606798210116379, 0.5286010012260536, 0.5931234277911671, 0.8246524928220119, 0.7160977031954967, 0.4690850345016718, 0.6905881702796952, 0.6567983380260987]",0.7534796449883943,0.23172764949738253,"[0.6450277666582241, 0.8619315233185644]",20,0,0
paired_comparison,delayed_copy,,,,,,,,,stress_lengths_8_10,,,,,,,,,,,,,,,,,,,,,,,,,,,,,,relu_minus_tanh,readout_feature_max_abs,20,"[0, 1, 2, 3, 4, 5, 6, 7, 8, 9, 10, 11, 12, 13, 14, 15, 16, 17, 18, 19]","[6.9760947823524475, 11.392151832580566, 8.593276143074036, 10.893774271011353, 10.689105033874512, 9.196719229221344, 6.740071356296539, 9.404754877090454, 6.767640650272369, 8.17388540506363, 9.247895240783691, 9.674769461154938, 8.108888685703278, 8.71948528289795, 9.312816619873047, 11.470298767089844, 9.769213199615479, 10.148822605609894, 10.934465765953064, 8.68225771188736]",9.24481934607029,1.442672846302011,"[8.5696276702528, 9.920011021887781]",20,0,0
paired_comparison,delayed_copy,,,,,,,,,stress_lengths_8_10,,,,,,,,,,,,,,,,,,,,,,,,,,,,,,relu_minus_tanh,recurrent_state_rms,20,"[0, 1, 2, 3, 4, 5, 6, 7, 8, 9, 10, 11, 12, 13, 14, 15, 16, 17, 18, 19]","[0.044560623081516426, 0.04549257617370395, 0.0013424785271389794, -0.01105807631825706, 0.034609488858858284, 0.016830611268243367, -0.006014135233864959, 0.01612870586973758, 0.025103422674128795, 0.0037346321568670904, 0.013079036995973348, -0.004533880474307028, 0.02310485777362581, 0.0129411784337774, 0.033260510843567404, 0.0020016558264582818, 0.019413147866065295, 0.017368756405248376, 0.008819247347438108, 0.014530700797266927]",0.015535776943659318,0.015801862862686027,"[0.008140277475679705, 0.02293127641163893]",17,0,3
paired_comparison,delayed_copy,,,,,,,,,stress_lengths_8_10,,,,,,,,,,,,,,,,,,,,,,,,,,,,,,relu_minus_tanh,recurrent_state_max_abs,20,"[0, 1, 2, 3, 4, 5, 6, 7, 8, 9, 10, 11, 12, 13, 14, 15, 16, 17, 18, 19]","[0.0, 0.0, 0.0, 0.0, 0.0, 0.0, 0.0, 0.0, 0.0, 0.0, 0.0, 0.0, 0.0, 0.0, 0.0, 0.0, 0.0, 0.0, 0.0, 0.0]",0.0,0.0,"[0.0, 0.0]",0,20,0
paired_comparison,delayed_copy,,,,,,,,,stress_lengths_8_10,,,,,,,,,,,,,,,,,,,,,,,,,,,,,,relu_minus_tanh,logit_rms,20,"[0, 1, 2, 3, 4, 5, 6, 7, 8, 9, 10, 11, 12, 13, 14, 15, 16, 17, 18, 19]","[-0.6228668465962137, 0.5400287704221021, 1.8596594060488516, 0.20819952588025892, -0.29931071191199266, 1.338005889052981, 0.38034827503402013, 0.9303918113628851, 0.03698143885420668, 0.009841203862712256, 0.24140099903350754, 0.39124594749528896, 0.03868217853461786, 1.268153773988856, 0.6607720252769624, 0.6100938868203327, 0.451854878488235, 0.1520415973680529, 1.0542337354954063, 0.7838522416939968]",0.5016805013102534,0.590371321015129,"[0.22537821793911084, 0.777982784681396]",18,0,2
paired_comparison,delayed_copy,,,,,,,,,stress_lengths_8_10,,,,,,,,,,,,,,,,,,,,,,,,,,,,,,relu_minus_tanh,logit_max_abs,20,"[0, 1, 2, 3, 4, 5, 6, 7, 8, 9, 10, 11, 12, 13, 14, 15, 16, 17, 18, 19]","[1.7944517135620117, 5.9809160232543945, 9.326070785522461, 3.2609329223632812, 4.073695182800293, 6.012186050415039, 4.362143516540527, 3.7759342193603516, 2.216740608215332, 8.898174285888672, 1.0943031311035156, 1.4110851287841797, 1.7350702285766602, 6.428413391113281, 8.675936698913574, 6.548293113708496, 8.052050590515137, 4.883325576782227, 5.011061668395996, 9.733149528503418]",5.163696718215943,2.787634209014042,"[3.8590437485735527, 6.468349687858332]",20,0,0
paired_comparison,two_palindrome,,,,,,,,,in_distribution,,,,,,,,,,,,,,,,,,,,,,,,,,,,,,identity_minus_tanh,token_accuracy,20,"[0, 1, 2, 3, 4, 5, 6, 7, 8, 9, 10, 11, 12, 13, 14, 15, 16, 17, 18, 19]","[0.010164190774042181, 0.10744435917114359, 0.06526806526806517, 0.015923566878980888, -0.044129235618597384, 0.014705882352941235, -0.04862745098039212, -0.026604068857590035, -0.002331002331002363, 0.02384737678855331, 0.04357976653696505, 0.06499608457321848, -0.02784222737819031, 0.01926040061633283, -0.05469953775038516, -0.030468749999999933, 0.032710280373831835, 0.018882769472856054, 0.06729264475743346, -0.0505050505050505]",0.009943403207157813,0.045704802447483525,"[-0.011447102780755962, 0.03133390919507159]",12,0,8
paired_comparison,two_palindrome,,,,,,,,,in_distribution,,,,,,,,,,,,,,,,,,,,,,,,,,,,,,identity_minus_tanh,exact_sequence_accuracy,20,"[0, 1, 2, 3, 4, 5, 6, 7, 8, 9, 10, 11, 12, 13, 14, 15, 16, 17, 18, 19]","[0.109375, 0.2265625, 0.21484375, 0.08984375, -0.109375, -0.01953125, -0.1484375, -0.06640625, -0.015625, -0.0234375, 0.12109375, 0.1796875, -0.046875, 0.09375, -0.09375, -0.0703125, 0.0859375, 0.078125, 0.21484375, -0.0859375]",0.03671875,0.11895190375556151,"[-0.01895245462845753, 0.09238995462845753]",10,0,10
paired_comparison,two_palindrome,,,,,,,,,in_distribution,,,,,,,,,,,,,,,,,,,,,,,,,,,,,,identity_minus_tanh,readout_feature_rms,20,"[0, 1, 2, 3, 4, 5, 6, 7, 8, 9, 10, 11, 12, 13, 14, 15, 16, 17, 18, 19]","[0.6972498608920502, 0.5625844970259053, 0.6289229466563866, 0.6778584359869266, 0.6478670887750771, 0.6164495222942783, 0.520903996475182, 0.5929628705157263, 0.7304243187146245, 0.6901888961554029, 0.6395581730147303, 0.4950548618797682, 0.7162763657697909, 0.6203868206582953, 0.5871462287593613, 0.5351167144371571, 0.4552824310990081, 0.5915243142830608, 0.678127327575268, 0.6361936321533073]",0.6160039651560654,0.07467950866996213,"[0.5810528792343006, 0.6509550510778301]",20,0,0
paired_comparison,two_palindrome,,,,,,,,,in_distribution,,,,,,,,,,,,,,,,,,,,,,,,,,,,,,identity_minus_tanh,readout_feature_max_abs,20,"[0, 1, 2, 3, 4, 5, 6, 7, 8, 9, 10, 11, 12, 13, 14, 15, 16, 17, 18, 19]","[8.767244338989258, 9.72067928314209, 12.060689926147461, 9.255168974399567, 15.847412109375, 9.079230308532715, 8.94493293762207, 10.931105613708496, 11.759927749633789, 15.318443298339844, 9.62813663482666, 9.259082794189453, 7.781314849853516, 13.483948707580566, 9.957218170166016, 8.807286322116852, 7.661983489990234, 18.191967010498047, 12.403860092163086, 11.480937957763672]",11.01702852845192,2.8454377239182946,"[9.685322681092739, 12.348734375811102]",20,0,0
paired_comparison,two_palindrome,,,,,,,,,in_distribution,,,,,,,,,,,,,,,,,,,,,,,,,,,,,,identity_minus_tanh,recurrent_state_rms,20,"[0, 1, 2, 3, 4, 5, 6, 7, 8, 9, 10, 11, 12, 13, 14, 15, 16, 17, 18, 19]","[-0.033779135418057105, -0.009719952782499375, -0.012322660825886733, 0.01685318915824774, -0.007324003838842463, -0.00019734936976278927, -0.018604763263928348, 0.0017279828245249096, 0.03803954492420958, -0.027077601997363088, 0.016487951042630233, -0.014985531064899749, 0.015515104367382015, -0.02251080637010372, -0.023691103823301085, -0.03797565984397322, -0.0338164138221374, -0.02376033178244108, -0.010358228611038744, -0.013532404738362591]",-0.010051608761780151,0.0198408271885636,"[-0.019337401721279082, -0.0007658158022812184]",5,0,15
paired_comparison,two_palindrome,,,,,,,,,in_distribution,,,,,,,,,,,,,,,,,,,,,,,,,,,,,,identity_minus_tanh,recurrent_state_max_abs,20,"[0, 1, 2, 3, 4, 5, 6, 7, 8, 9, 10, 11, 12, 13, 14, 15, 16, 17, 18, 19]","[0.0, 0.0, 0.0, 0.0, 0.0, 0.0, 0.0, 0.0, 0.0, 0.0, 0.0, 0.0, 0.0, 0.0, 0.0, 0.0, 0.0, 0.0, 0.0, 0.0]",0.0,0.0,"[0.0, 0.0]",0,20,0
paired_comparison,two_palindrome,,,,,,,,,in_distribution,,,,,,,,,,,,,,,,,,,,,,,,,,,,,,identity_minus_tanh,logit_rms,20,"[0, 1, 2, 3, 4, 5, 6, 7, 8, 9, 10, 11, 12, 13, 14, 15, 16, 17, 18, 19]","[1.6950591772561285, 2.087105939280478, 1.1973703192166343, 1.5144318161299024, 2.0637389544540294, 1.4019801156024458, 0.14075907117395747, 1.0179734261863844, 2.187970240768138, 0.7278548389281023, 1.2965564551809488, 1.7554370961296066, 0.4648441034375832, 2.6936534971055797, 1.2019415443718091, 1.3315500375449298, 1.1501276626166543, 2.648176430678811, 1.2830494125501448, 0.59763821625197]",1.4228609177432119,0.6826644421533514,"[1.1033641240660939, 1.74235771142033]",20,0,0
paired_comparison,two_palindrome,,,,,,,,,in_distribution,,,,,,,,,,,,,,,,,,,,,,,,,,,,,,identity_minus_tanh,logit_max_abs,20,"[0, 1, 2, 3, 4, 5, 6, 7, 8, 9, 10, 11, 12, 13, 14, 15, 16, 17, 18, 19]","[14.395195960998535, 12.8321533203125, 9.081246376037598, 13.326786041259766, 30.265931129455566, 8.50179386138916, 5.170546531677246, 20.24193286895752, 16.138190269470215, 11.055974006652832, 17.8829984664917, 28.879734992980957, 3.350421905517578, 32.51909351348877, 13.446296691894531, 13.071269989013672, 11.930208206176758, 24.06954288482666, 12.271818161010742, 8.105144500732422]",15.326813983917237,8.121993927207383,"[11.525603817144171, 19.1280241506903]",20,0,0
paired_comparison,two_palindrome,,,,,,,,,longer_lengths,,,,,,,,,,,,,,,,,,,,,,,,,,,,,,identity_minus_tanh,token_accuracy,20,"[0, 1, 2, 3, 4, 5, 6, 7, 8, 9, 10, 11, 12, 13, 14, 15, 16, 17, 18, 19]","[0.022212543554007036, 0.05611135276207052, -0.013478260869565273, 0.02125813449023861, -0.038494809688581266, -0.0030594405594405183, -0.0017271157167529916, -0.02752293577981646, 0.006938421509106618, 0.056430446194225714, -0.006116207951070263, 0.03131703131703123, -0.004304778303917289, 0.0326797385620915, 0.007365684575389997, -0.019582245430809386, 0.03826086956521735, -0.010385114668974516, 0.03695745595186939, -0.010421189752496729]",0.008721978987991163,0.026976417467955965,"[-0.0039033730205600796, 0.021347330996542405]",10,0,10
paired_comparison,two_palindrome,,,,,,,,,longer_lengths,,,,,,,,,,,,,,,,,,,,,,,,,,,,,,identity_minus_tanh,exact_sequence_accuracy,20,"[0, 1, 2, 3, 4, 5, 6, 7, 8, 9, 10, 11, 12, 13, 14, 15, 16, 17, 18, 19]","[0.0, 0.0078125, 0.00390625, 0.00390625, 0.00390625, -0.00390625, 0.0, -0.00390625, 0.0, 0.00390625, 0.0, 0.0, -0.0078125, 0.00390625, 0.0, 0.0, -0.01171875, 0.0, 0.0, 0.0]",0.0,0.004390245991789191,"[-0.002054698371876493, 0.002054698371876493]",6,10,4
paired_comparison,two_palindrome,,,,,,,,,longer_lengths,,,,,,,,,,,,,,,,,,,,,,,,,,,,,,identity_minus_tanh,readout_feature_rms,20,"[0, 1, 2, 3, 4, 5, 6, 7, 8, 9, 10, 11, 12, 13, 14, 15, 16, 17, 18, 19]","[0.6697041439033071, 0.5558398844912855, 0.6282433183365491, 0.6958202517832651, 0.6417111731432884, 0.6115002041522025, 0.5485142491358491, 0.5886434914297064, 0.6836138592750548, 0.6971742712648972, 0.635317092237001, 0.501273362145853, 0.7264553282338895, 0.559882641244551, 0.5916486014051994, 0.5489248115943441, 0.4354322249292889, 0.5565688597510361, 0.6726338440108206, 0.6534129048823946]",0.6101157258674892,0.07405468335859285,"[0.5754570671929399, 0.6447743845420385]",20,0,0
paired_comparison,two_palindrome,,,,,,,,,longer_lengths,,,,,,,,,,,,,,,,,,,,,,,,,,,,,,identity_minus_tanh,readout_feature_max_abs,20,"[0, 1, 2, 3, 4, 5, 6, 7, 8, 9, 10, 11, 12, 13, 14, 15, 16, 17, 18, 19]","[8.542890548706055, 10.201507568359375, 12.180336952209473, 8.642486572265625, 15.225597381591797, 9.18958854675293, 8.94493293762207, 11.252825736999512, 11.534034729003906, 15.859142303466797, 10.025885581970215, 9.188394546508789, 8.329532623291016, 13.489086151123047, 10.11861515045166, 9.048610746860504, 7.791321754455566, 18.4748477935791, 11.916016578674316, 11.263975143432617]",11.060981467366219,2.82925377657564,"[9.73684994051611, 12.385112994216326]",20,0,0
paired_comparison,two_palindrome,,,,,,,,,longer_lengths,,,,,,,,,,,,,,,,,,,,,,,,,,,,,,identity_minus_tanh,recurrent_state_rms,20,"[0, 1, 2, 3, 4, 5, 6, 7, 8, 9, 10, 11, 12, 13, 14, 15, 16, 17, 18, 19]","[-0.030570437682690077, -0.01659086148298039, -0.012231630976229702, 0.015861893238257374, -0.00884543462517362, -0.0021757636151107373, -0.018239319642582186, 0.0025742898497257416, 0.044353454492354505, -0.02806094576178919, 0.010057760030467988, -0.013276361775948486, 0.012797408467054905, -0.02819056548359844, -0.02542016013560211, -0.029899018988951753, -0.032352195523453475, -0.025541187673748023, -0.01464650902922715, -0.010733449750644719]",-0.010556451803493478,0.019686958217259642,"[-0.019770231867721432, -0.001342671739265524]",5,0,15
paired_comparison,two_palindrome,,,,,,,,,longer_lengths,,,,,,,,,,,,,,,,,,,,,,,,,,,,,,identity_minus_tanh,recurrent_state_max_abs,20,"[0, 1, 2, 3, 4, 5, 6, 7, 8, 9, 10, 11, 12, 13, 14, 15, 16, 17, 18, 19]","[0.0, 0.0, 0.0, 0.0, 0.0, 0.0, 0.0, 0.0, 0.0, 0.0, 0.0, 0.0, 0.0, 0.0, 0.0, 0.0, 0.0, 0.0, 0.0, 0.0]",0.0,0.0,"[0.0, 0.0]",0,20,0
paired_comparison,two_palindrome,,,,,,,,,longer_lengths,,,,,,,,,,,,,,,,,,,,,,,,,,,,,,identity_minus_tanh,logit_rms,20,"[0, 1, 2, 3, 4, 5, 6, 7, 8, 9, 10, 11, 12, 13, 14, 15, 16, 17, 18, 19]","[1.5794415894563523, 1.7205065664445698, 1.0402187683535131, 1.566846898253107, 2.2029288013207515, 1.1925164262838828, 0.4503238368746607, 0.9143694529844018, 1.8116232572868785, 0.9710104806595776, 1.4811361916793975, 1.7745814992411462, 0.36604396517669535, 2.292709446491393, 1.0866098193383498, 1.1804379583376496, 0.9958494137896201, 2.6594301000648177, 1.2117413374134727, 0.39396631460485887]",1.3446146062027549,0.622648945032959,"[1.0532059297863223, 1.6360232826191874]",20,0,0
paired_comparison,two_palindrome,,,,,,,,,longer_lengths,,,,,,,,,,,,,,,,,,,,,,,,,,,,,,identity_minus_tanh,logit_max_abs,20,"[0, 1, 2, 3, 4, 5, 6, 7, 8, 9, 10, 11, 12, 13, 14, 15, 16, 17, 18, 19]","[16.080276489257812, 12.894392967224121, 8.587250709533691, 12.633031845092773, 31.750394821166992, 9.557390213012695, 5.243171691894531, 17.82808017730713, 13.000149726867676, 13.222928047180176, 15.927085876464844, 29.831937789916992, 3.5524444580078125, 28.84457778930664, 13.368019104003906, 10.969879150390625, 13.01331901550293, 26.57003402709961, 11.278310775756836, 9.456354141235352]",15.180451440811158,8.003583404184633,"[11.434659104684236, 18.92624377693808]",20,0,0
paired_comparison,two_palindrome,,,,,,,,,fixed_block_length_3,,,,,,,,,,,,,,,,,,,,,,,,,,,,,,identity_minus_tanh,token_accuracy,20,"[0, 1, 2, 3, 4, 5, 6, 7, 8, 9, 10, 11, 12, 13, 14, 15, 16, 17, 18, 19]","[0.00813802083333337, 0.115234375, 0.05045572916666674, -0.004720052083333259, -0.03515625, -0.0021158854166667407, -0.05061848958333326, -0.04280598958333337, -0.01285807291666663, 0.04801432291666663, 0.04541015625, 0.06868489583333337, -0.01416015625, 0.02848307291666663, -0.02897135416666663, -0.03499348958333326, 0.03255208333333326, 0.01025390625, 0.06168619791666663, -0.03304036458333326]",0.010473632812500012,0.04456931119949246,"[-0.01038544691299232, 0.031332712537992344]",10,0,10
paired_comparison,two_palindrome,,,,,,,,,fixed_block_length_3,,,,,,,,,,,,,,,,,,,,,,,,,,,,,,identity_minus_tanh,exact_sequence_accuracy,20,"[0, 1, 2, 3, 4, 5, 6, 7, 8, 9, 10, 11, 12, 13, 14, 15, 16, 17, 18, 19]","[0.02734375, 0.08203125, 0.11328125, -0.0029296875, -0.0302734375, -0.03125, -0.037109375, -0.048828125, -0.025390625, 0.005859375, 0.037109375, 0.1142578125, -0.0498046875, 0.0341796875, -0.0341796875, 0.001953125, 0.0673828125, 0.0302734375, 0.0556640625, -0.0068359375]",0.01513671875,0.0512598626143254,"[-0.008853635424514894, 0.039127072924514894]",11,0,9
paired_comparison,two_palindrome,,,,,,,,,fixed_block_length_3,,,,,,,,,,,,,,,,,,,,,,,,,,,,,,identity_minus_tanh,readout_feature_rms,20,"[0, 1, 2, 3, 4, 5, 6, 7, 8, 9, 10, 11, 12, 13, 14, 15, 16, 17, 18, 19]","[0.6007612884194896, 0.5958019414216585, 0.6483123346134019, 0.7071577683339579, 0.6783127382711578, 0.6020141729544833, 0.5600054897347391, 0.621544031000813, 0.715993663135028, 0.7047804165632808, 0.6744501309956322, 0.5219431998810775, 0.7553924729294813, 0.5967545023173817, 0.6139267521106668, 0.564282205836117, 0.47128250294183116, 0.5990707877591576, 0.6939028460378894, 0.66824537966821]",0.6296967312462727,0.07113303248614081,"[0.5964054472705548, 0.6629880152219906]",20,0,0
paired_comparison,two_palindrome,,,,,,,,,fixed_block_length_3,,,,,,,,,,,,,,,,,,,,,,,,,,,,,,identity_minus_tanh,readout_feature_max_abs,20,"[0, 1, 2, 3, 4, 5, 6, 7, 8, 9, 10, 11, 12, 13, 14, 15, 16, 17, 18, 19]","[8.750316619873047, 9.782515525817871, 12.377599716186523, 9.404677391052246, 15.857694625854492, 9.100536346435547, 8.94493293762207, 11.671502113342285, 11.72950267791748, 15.694169998168945, 10.086796760559082, 9.158655166625977, 8.336054801940918, 13.454584121704102, 10.575923919677734, 8.929232597351074, 7.709114074707031, 18.321208953857422, 12.314455032348633, 11.148714065551758]",11.167409372329711,2.8364764749115365,"[9.839897518605191, 12.494921226054231]",20,0,0
paired_comparison,two_palindrome,,,,,,,,,fixed_block_length_3,,,,,,,,,,,,,,,,,,,,,,,,,,,,,,identity_minus_tanh,recurrent_state_rms,20,"[0, 1, 2, 3, 4, 5, 6, 7, 8, 9, 10, 11, 12, 13, 14, 15, 16, 17, 18, 19]","[-0.03278207664867561, -0.005924326100949506, -0.013132161071209847, 0.018706098585927422, -0.007739380380342942, 0.002524431847560793, -0.01779318319654355, 0.00417352335711918, 0.0401024557956855, -0.02926138346130569, 0.013773274669512725, -0.012869673703607476, 0.014813167504781566, -0.02195885307884604, -0.02247301317368333, -0.03458032483842621, -0.03146084011034167, -0.024308939570536703, -0.013313781880173736, -0.011053520897930103]",-0.00922792531759926,0.0197773100545394,"[-0.01848399134332048, 2.814070812195979e-05]",6,0,14
paired_comparison,two_palindrome,,,,,,,,,fixed_block_length_3,,,,,,,,,,,,,,,,,,,,,,,,,,,,,,identity_minus_tanh,recurrent_state_max_abs,20,"[0, 1, 2, 3, 4, 5, 6, 7, 8, 9, 10, 11, 12, 13, 14, 15, 16, 17, 18, 19]","[0.0, 0.0, 0.0, 0.0, 0.0, 0.0, 0.0, 0.0, 0.0, 0.0, 0.0, 0.0, 0.0, 0.0, 0.0, 0.0, 0.0, 0.0, 0.0, 0.0]",0.0,0.0,"[0.0, 0.0]",0,20,0
paired_comparison,two_palindrome,,,,,,,,,fixed_block_length_3,,,,,,,,,,,,,,,,,,,,,,,,,,,,,,identity_minus_tanh,logit_rms,20,"[0, 1, 2, 3, 4, 5, 6, 7, 8, 9, 10, 11, 12, 13, 14, 15, 16, 17, 18, 19]","[0.778954669588626, 2.0504597355569354, 1.0490921032559433, 1.667085713798726, 2.3151495440086642, 1.0865606326433062, 0.28383197260802184, 1.1921849435990821, 1.9134044053895671, 0.7680133761992352, 1.4732749997789991, 1.9148003425373332, 0.48323943097413036, 2.4002074946301293, 1.2188604183427874, 1.3683494690291793, 1.1961886033081948, 2.753938409511176, 1.2737002476036627, 0.5907486146534122]",1.3889022563508555,0.6719629530942056,"[1.0744139137235431, 1.703390598978168]",20,0,0
paired_comparison,two_palindrome,,,,,,,,,fixed_block_length_3,,,,,,,,,,,,,,,,,,,,,,,,,,,,,,identity_minus_tanh,logit_max_abs,20,"[0, 1, 2, 3, 4, 5, 6, 7, 8, 9, 10, 11, 12, 13, 14, 15, 16, 17, 18, 19]","[13.409524917602539, 13.363309860229492, 8.346306800842285, 12.630290031433105, 33.1941032409668, 8.297992706298828, 5.856013298034668, 18.93415069580078, 15.628202438354492, 12.365242958068848, 20.43455982208252, 29.12412452697754, 3.378384590148926, 32.65847969055176, 13.609424591064453, 12.524833679199219, 11.664627075195312, 27.226859092712402, 11.886137962341309, 9.301065444946289]",15.691681671142579,8.628777083601966,"[11.653289686246831, 19.73007365603833]",20,0,0
paired_comparison,two_palindrome,,,,,,,,,fixed_block_length_4,,,,,,,,,,,,,,,,,,,,,,,,,,,,,,identity_minus_tanh,token_accuracy,20,"[0, 1, 2, 3, 4, 5, 6, 7, 8, 9, 10, 11, 12, 13, 14, 15, 16, 17, 18, 19]","[0.0009765625, 0.0775146484375, 0.01025390625, 0.0103759765625, -0.0244140625, 0.00537109375, -0.0316162109375, -0.0400390625, -0.0087890625, 0.0419921875, 0.0133056640625, 0.05322265625, -0.0045166015625, 0.03271484375, -0.03271484375, -0.0155029296875, 0.0186767578125, 0.00927734375, 0.0477294921875, 0.0]",0.00819091796875,0.030841361626730394,"[-0.0062432835861090125, 0.02262511952360901]",12,1,7
paired_comparison,two_palindrome,,,,,,,,,fixed_block_length_4,,,,,,,,,,,,,,,,,,,,,,,,,,,,,,identity_minus_tanh,exact_sequence_accuracy,20,"[0, 1, 2, 3, 4, 5, 6, 7, 8, 9, 10, 11, 12, 13, 14, 15, 16, 17, 18, 19]","[0.0009765625, 0.009765625, 0.00390625, -0.0009765625, 0.00390625, -0.0029296875, -0.0068359375, -0.0048828125, -0.0048828125, -0.001953125, -0.0009765625, 0.005859375, -0.005859375, 0.0, -0.009765625, 0.0068359375, 0.0048828125, 0.0048828125, 0.0087890625, 0.0048828125]",0.00078125,0.0055387902070070175,"[-0.0018109836110065624, 0.0033734836110065622]",10,1,9
paired_comparison,two_palindrome,,,,,,,,,fixed_block_length_4,,,,,,,,,,,,,,,,,,,,,,,,,,,,,,identity_minus_tanh,readout_feature_rms,20,"[0, 1, 2, 3, 4, 5, 6, 7, 8, 9, 10, 11, 12, 13, 14, 15, 16, 17, 18, 19]","[0.5975455373690663, 0.587574221583258, 0.6457640742716593, 0.713649512094924, 0.671433667474304, 0.6029889246388561, 0.5672278646163506, 0.616904948708459, 0.7016402968095563, 0.7030030896697761, 0.6632289217995687, 0.5178086463941259, 0.7584114176897367, 0.5739232497476631, 0.6086957788963308, 0.571562791315719, 0.45690099393819694, 0.5818260481773756, 0.6874167601397235, 0.6841299614407295]",0.625581835338769,0.0734249343495158,"[0.5912179082728952, 0.6599457624046428]",20,0,0
paired_comparison,two_palindrome,,,,,,,,,fixed_block_length_4,,,,,,,,,,,,,,,,,,,,,,,,,,,,,,identity_minus_tanh,readout_feature_max_abs,20,"[0, 1, 2, 3, 4, 5, 6, 7, 8, 9, 10, 11, 12, 13, 14, 15, 16, 17, 18, 19]","[9.080954551696777, 9.925893783569336, 12.38586711883545, 9.008390426635742, 15.685836791992188, 9.119077682495117, 8.94493293762207, 11.265249252319336, 11.842118263244629, 15.986038208007812, 10.325657844543457, 9.23720645904541, 8.209030151367188, 13.19421100616455, 10.53387451171875, 9.112472534179688, 7.840166091918945, 18.450925827026367, 12.60560131072998, 11.26887321472168]",11.201118898391723,2.841147963417469,"[9.871420720747011, 12.530817076036435]",20,0,0
paired_comparison,two_palindrome,,,,,,,,,fixed_block_length_4,,,,,,,,,,,,,,,,,,,,,,,,,,,,,,identity_minus_tanh,recurrent_state_rms,20,"[0, 1, 2, 3, 4, 5, 6, 7, 8, 9, 10, 11, 12, 13, 14, 15, 16, 17, 18, 19]","[-0.03247887453312459, -0.010711558269465127, -0.013679329827721465, 0.018422404092861555, -0.008781599092859249, 0.0007624273569882822, -0.018409075024371724, 0.005151164834438338, 0.044616229772062255, -0.029260124763856754, 0.010843304791000263, -0.011992896354247717, 0.013848248492717374, -0.024864430867728382, -0.02307210011005123, -0.030403895898550415, -0.030751263302447263, -0.025124698017495617, -0.013316566203149471, -0.008957343494098935]",-0.009407998820954994,0.01997155761246908,"[-0.01875497550219883, -6.102213971115669e-05]",6,0,14
paired_comparison,two_palindrome,,,,,,,,,fixed_block_length_4,,,,,,,,,,,,,,,,,,,,,,,,,,,,,,identity_minus_tanh,recurrent_state_max_abs,20,"[0, 1, 2, 3, 4, 5, 6, 7, 8, 9, 10, 11, 12, 13, 14, 15, 16, 17, 18, 19]","[0.0, 0.0, 0.0, 0.0, 0.0, 0.0, 0.0, 0.0, 0.0, 0.0, 0.0, 0.0, 0.0, 0.0, 0.0, 0.0, 0.0, 0.0, 0.0, 0.0]",0.0,0.0,"[0.0, 0.0]",0,20,0
paired_comparison,two_palindrome,,,,,,,,,fixed_block_length_4,,,,,,,,,,,,,,,,,,,,,,,,,,,,,,identity_minus_tanh,logit_rms,20,"[0, 1, 2, 3, 4, 5, 6, 7, 8, 9, 10, 11, 12, 13, 14, 15, 16, 17, 18, 19]","[0.8639093481789799, 1.8627615701598597, 1.0110787538730275, 1.631075132346277, 2.312620615304366, 1.0429745718851486, 0.4046007184771363, 1.0591334828029666, 1.742620543203834, 0.8408821786161136, 1.498366646418956, 1.9115380608516683, 0.46563653701575447, 2.2919099983431943, 1.1664179237463004, 1.31813538798222, 1.1140902099069083, 2.6683642103961533, 1.2294282323396457, 0.5938308602717197]",1.3514687491060116,0.6294145063323936,"[1.056893692533939, 1.6460438056780842]",20,0,0
paired_comparison,two_palindrome,,,,,,,,,fixed_block_length_4,,,,,,,,,,,,,,,,,,,,,,,,,,,,,,identity_minus_tanh,logit_max_abs,20,"[0, 1, 2, 3, 4, 5, 6, 7, 8, 9, 10, 11, 12, 13, 14, 15, 16, 17, 18, 19]","[13.119028091430664, 12.880461692810059, 9.045414924621582, 12.64431095123291, 33.71018028259277, 8.051961898803711, 5.573896408081055, 18.756643295288086, 15.218728065490723, 13.23239517211914, 18.249244689941406, 30.740814208984375, 3.572834014892578, 31.742826461791992, 13.319704055786133, 12.044469833374023, 12.656564712524414, 28.032691955566406, 12.330741882324219, 8.129021644592285]",15.652596712112427,8.752356424254337,"[11.556367815455722, 19.74882560876913]",20,0,0
paired_comparison,two_palindrome,,,,,,,,,stress_fixed_block_length_6,,,,,,,,,,,,,,,,,,,,,,,,,,,,,,identity_minus_tanh,token_accuracy,20,"[0, 1, 2, 3, 4, 5, 6, 7, 8, 9, 10, 11, 12, 13, 14, 15, 16, 17, 18, 19]","[0.017740885416666685, 0.031412760416666685, -0.00048828125, 0.02001953125, -0.013997395833333315, -0.00341796875, 0.019856770833333315, -0.009928385416666685, 0.0166015625, 0.016927083333333315, -0.00830078125, 0.00016276041666662966, 0.014811197916666685, -0.00048828125, -0.045084635416666685, -0.01839192708333337, 0.0, -0.00537109375, 0.02685546875, 0.002604166666666685]",0.0030761718749999973,0.018052772139259814,"[-0.005372785561956207, 0.0115251293119562]",10,1,9
paired_comparison,two_palindrome,,,,,,,,,stress_fixed_block_length_6,,,,,,,,,,,,,,,,,,,,,,,,,,,,,,identity_minus_tanh,exact_sequence_accuracy,20,"[0, 1, 2, 3, 4, 5, 6, 7, 8, 9, 10, 11, 12, 13, 14, 15, 16, 17, 18, 19]","[0.0, 0.0, 0.0, 0.0, 0.0, 0.0, 0.0, 0.0, 0.0, 0.0, 0.0, 0.0, 0.0, 0.0, 0.0, 0.0, 0.0, 0.0, 0.0, 0.0]",0.0,0.0,"[0.0, 0.0]",0,20,0
paired_comparison,two_palindrome,,,,,,,,,stress_fixed_block_length_6,,,,,,,,,,,,,,,,,,,,,,,,,,,,,,identity_minus_tanh,readout_feature_rms,20,"[0, 1, 2, 3, 4, 5, 6, 7, 8, 9, 10, 11, 12, 13, 14, 15, 16, 17, 18, 19]","[0.591354492159555, 0.5746083190668548, 0.6362457988319788, 0.716895580727302, 0.6640789934598287, 0.6004450075942698, 0.5666298990414951, 0.6075907243284139, 0.6767924200653246, 0.7090451054624994, 0.6452968411475257, 0.5082648139922485, 0.7518638144437888, 0.5416115119794312, 0.6020770570720502, 0.577778242587778, 0.44125298608866415, 0.5553015660308533, 0.6826952916120619, 0.6851907792280417]",0.6167509622459982,0.07673706930240676,"[0.5808369083061706, 0.6526650161858258]",20,0,0
paired_comparison,two_palindrome,,,,,,,,,stress_fixed_block_length_6,,,,,,,,,,,,,,,,,,,,,,,,,,,,,,identity_minus_tanh,readout_feature_max_abs,20,"[0, 1, 2, 3, 4, 5, 6, 7, 8, 9, 10, 11, 12, 13, 14, 15, 16, 17, 18, 19]","[8.824686050415039, 9.859451293945312, 12.250682830810547, 8.411786079406738, 15.19179916381836, 9.11188793182373, 8.94493293762207, 11.591151237487793, 11.941753387451172, 15.856801986694336, 10.50602912902832, 9.276422500610352, 8.463744163513184, 12.96368408203125, 9.518842697143555, 9.371045172214508, 7.946929931640625, 18.575138092041016, 12.622991561889648, 11.245047569274902]",11.123740389943123,2.827708763969193,"[9.80033195125093, 12.447148828635315]",20,0,0
paired_comparison,two_palindrome,,,,,,,,,stress_fixed_block_length_6,,,,,,,,,,,,,,,,,,,,,,,,,,,,,,identity_minus_tanh,recurrent_state_rms,20,"[0, 1, 2, 3, 4, 5, 6, 7, 8, 9, 10, 11, 12, 13, 14, 15, 16, 17, 18, 19]","[-0.0319296149312952, -0.017511754802299606, -0.012377392518839625, 0.017395347135570227, -0.007618433987338635, -0.0013517569936492002, -0.018236882241947305, 0.0045053773954718546, 0.048246355992740075, -0.026638376252489104, 0.008891250247524685, -0.013496104214873128, 0.012489338890774415, -0.028063716551898987, -0.025650995405403054, -0.02576689365955276, -0.032613674080708255, -0.025392977430127583, -0.013737632653057386, -0.009305070860346931]",-0.009908180346087276,0.020234163837586767,"[-0.019378060523901258, -0.00043830016827329545]",5,0,15
paired_comparison,two_palindrome,,,,,,,,,stress_fixed_block_length_6,,,,,,,,,,,,,,,,,,,,,,,,,,,,,,identity_minus_tanh,recurrent_state_max_abs,20,"[0, 1, 2, 3, 4, 5, 6, 7, 8, 9, 10, 11, 12, 13, 14, 15, 16, 17, 18, 19]","[0.0, 0.0, 0.0, 0.0, 0.0, 0.0, 0.0, 0.0, 0.0, 0.0, 0.0, 0.0, 0.0, 0.0, 0.0, 0.0, 0.0, 0.0, 0.0, 0.0]",0.0,0.0,"[0.0, 0.0]",0,20,0
paired_comparison,two_palindrome,,,,,,,,,stress_fixed_block_length_6,,,,,,,,,,,,,,,,,,,,,,,,,,,,,,identity_minus_tanh,logit_rms,20,"[0, 1, 2, 3, 4, 5, 6, 7, 8, 9, 10, 11, 12, 13, 14, 15, 16, 17, 18, 19]","[0.9190483584017053, 1.7776964278927991, 0.9460008444810848, 1.549865716487214, 2.4305823193842606, 0.9486656620936977, 0.6595827501185605, 0.8324728883744044, 1.5733910846053463, 1.096965430803929, 1.6552776234932338, 1.7586260076630045, 0.43837688287920207, 2.1214305400644506, 0.9818726673955336, 1.256567256072783, 1.0919149086664266, 2.343347293957221, 1.2208267533005848, 0.41532819422221356]",1.3008919805178827,0.5842207447519056,"[1.0274682554457018, 1.5743157055900636]",20,0,0
paired_comparison,two_palindrome,,,,,,,,,stress_fixed_block_length_6,,,,,,,,,,,,,,,,,,,,,,,,,,,,,,identity_minus_tanh,logit_max_abs,20,"[0, 1, 2, 3, 4, 5, 6, 7, 8, 9, 10, 11, 12, 13, 14, 15, 16, 17, 18, 19]","[17.057583808898926, 12.769885063171387, 8.277548789978027, 12.659754753112793, 33.89678764343262, 7.254526138305664, 5.404433250427246, 16.223376274108887, 13.604818344116211, 13.277348518371582, 16.98508644104004, 29.93384552001953, 3.831968307495117, 28.80972194671631, 11.715319633483887, 11.331159591674805, 13.016518592834473, 27.648871421813965, 11.937200546264648, 8.038894653320312]",15.18373246192932,8.47030609361275,"[11.219507183347858, 19.147957740510783]",20,0,0
paired_comparison,two_palindrome,,,,,,,,,in_distribution,,,,,,,,,,,,,,,,,,,,,,,,,,,,,,relu_minus_tanh,token_accuracy,20,"[0, 1, 2, 3, 4, 5, 6, 7, 8, 9, 10, 11, 12, 13, 14, 15, 16, 17, 18, 19]","[-0.014073494917904661, 0.08058326937835769, -0.00543900543900544, -0.11783439490445857, -0.06304176516942483, -0.006191950464396245, -0.0894117647058823, -0.11424100156494521, -0.03418803418803418, -0.0723370429252782, -0.07859922178988321, -0.10101801096319507, -0.07424593967517401, -0.10400616332819723, -0.12865947611710327, -0.29609374999999993, -0.07710280373831768, -0.04799370574350903, 0.024256651017214415, -0.05283605283605286]",-0.06862368290375949,0.0748496246602704,"[-0.10365438555975065, -0.03359298024776833]",2,0,18
paired_comparison,two_palindrome,,,,,,,,,in_distribution,,,,,,,,,,,,,,,,,,,,,,,,,,,,,,relu_minus_tanh,exact_sequence_accuracy,20,"[0, 1, 2, 3, 4, 5, 6, 7, 8, 9, 10, 11, 12, 13, 14, 15, 16, 17, 18, 19]","[0.0, 0.2265625, 0.05859375, -0.234375, -0.1640625, -0.02734375, -0.1875, -0.2421875, -0.078125, -0.06640625, -0.15234375, -0.1640625, -0.13671875, -0.09765625, -0.28125, -0.421875, -0.1796875, -0.0703125, 0.04296875, -0.07421875]",-0.1125,0.1392799342412138,"[-0.17768501574984835, -0.047314984250151654]",3,1,16
paired_comparison,two_palindrome,,,,,,,,,in_distribution,,,,,,,,,,,,,,,,,,,,,,,,,,,,,,relu_minus_tanh,readout_feature_rms,20,"[0, 1, 2, 3, 4, 5, 6, 7, 8, 9, 10, 11, 12, 13, 14, 15, 16, 17, 18, 19]","[0.7699141143277791, 0.5608011470450409, 0.6115564586972817, 0.4525306199090551, 0.6033216065148156, 0.6386182244549328, 0.511329284914485, 0.5445057318115366, 0.6379627581481392, 0.430136447983806, 0.5572819892888142, 0.502334943656383, 0.5082904921485553, 0.5376027139351364, 0.41685157300252806, 0.4532416881542287, 0.5484886503767862, 0.5854274583004921, 0.6544209613024081, 0.5087944206406385]",0.5516705642306421,0.08620884009655704,"[0.5113235851048623, 0.5920175433564219]",20,0,0
paired_comparison,two_palindrome,,,,,,,,,in_distribution,,,,,,,,,,,,,,,,,,,,,,,,,,,,,,relu_minus_tanh,readout_feature_max_abs,20,"[0, 1, 2, 3, 4, 5, 6, 7, 8, 9, 10, 11, 12, 13, 14, 15, 16, 17, 18, 19]","[10.670666694641113, 16.488080978393555, 15.197568893432617, 11.506921827793121, 18.014665603637695, 10.229470252990723, 16.53668975830078, 13.369391441345215, 12.503357887268066, 10.064172744750977, 9.213896751403809, 12.820474624633789, 11.734122276306152, 13.186172485351562, 7.773719787597656, 12.777271330356598, 9.921130180358887, 11.962296485900879, 10.663224220275879, 9.507789611816406]",12.207054191827774,2.6949147800023887,"[10.945795250717694, 13.468313132937855]",20,0,0
paired_comparison,two_palindrome,,,,,,,,,in_distribution,,,,,,,,,,,,,,,,,,,,,,,,,,,,,,relu_minus_tanh,recurrent_state_rms,20,"[0, 1, 2, 3, 4, 5, 6, 7, 8, 9, 10, 11, 12, 13, 14, 15, 16, 17, 18, 19]","[0.010586128025917518, -0.01841033325604724, 0.009836265320139814, -0.026576954817458143, 0.005035453610160556, -0.001026053412849115, -0.011851028973637101, 0.03731047739360338, 0.04662398450399752, -0.003516990009855059, 0.015558784594609132, 0.030706140484724087, 0.02500079401051336, 0.018125189120616447, 0.026235839287029994, -9.691379843745906e-05, 0.0372905396800981, 0.006292902792264354, -0.014055276567182418, -0.0034311196527065935]",0.009481891416775056,0.020088491334806863,"[8.018806888104683e-05, 0.018883594764669068]",12,0,8
paired_comparison,two_palindrome,,,,,,,,,in_distribution,,,,,,,,,,,,,,,,,,,,,,,,,,,,,,relu_minus_tanh,recurrent_state_max_abs,20,"[0, 1, 2, 3, 4, 5, 6, 7, 8, 9, 10, 11, 12, 13, 14, 15, 16, 17, 18, 19]","[0.0, 0.0, 0.0, 0.0, 0.0, 0.0, 0.0, 0.0, 0.0, 0.0, 0.0, 0.0, 0.0, 0.0, 0.0, 0.0, 0.0, 0.0, 0.0, 0.0]",0.0,0.0,"[0.0, 0.0]",0,20,0
paired_comparison,two_palindrome,,,,,,,,,in_distribution,,,,,,,,,,,,,,,,,,,,,,,,,,,,,,relu_minus_tanh,logit_rms,20,"[0, 1, 2, 3, 4, 5, 6, 7, 8, 9, 10, 11, 12, 13, 14, 15, 16, 17, 18, 19]","[0.005448573671755774, 0.9687583435812459, 0.8903376967969145, -0.030612876122358745, 0.26083908815336976, 1.0585631433227407, -0.42674322716774027, 0.28719495184699095, 0.10481180395820955, 0.29274283361964004, 1.839188127409031, -0.11580548046835171, -0.3439804708548162, 1.3843356967166263, 0.04525311127078968, -0.7384812802999128, -0.03475078274980037, 1.0109365259139116, 0.842032388862672, 0.24756136812346075]",0.3773814767792189,0.6571602551646634,"[0.06982101003678698, 0.6849419435216508]",14,0,6
paired_comparison,two_palindrome,,,,,,,,,in_distribution,,,,,,,,,,,,,,,,,,,,,,,,,,,,,,relu_minus_tanh,logit_max_abs,20,"[0, 1, 2, 3, 4, 5, 6, 7, 8, 9, 10, 11, 12, 13, 14, 15, 16, 17, 18, 19]","[7.016613960266113, 8.074943542480469, 9.004494667053223, 6.485088348388672, 2.9028968811035156, 4.194989204406738, 3.553980827331543, 8.018080711364746, 1.2079229354858398, 6.856646537780762, 17.180140495300293, 3.366848945617676, 0.038781166076660156, 20.858777046203613, 2.0702877044677734, 9.269712448120117, 6.9310150146484375, 12.963969230651855, 13.455860137939453, 8.241018295288086]",7.584603404998779,5.3081029962336945,"[5.1003347320105314, 10.068872077987027]",20,0,0
paired_comparison,two_palindrome,,,,,,,,,longer_lengths,,,,,,,,,,,,,,,,,,,,,,,,,,,,,,relu_minus_tanh,token_accuracy,20,"[0, 1, 2, 3, 4, 5, 6, 7, 8, 9, 10, 11, 12, 13, 14, 15, 16, 17, 18, 19]","[0.0060975609756097615, 0.02261852979556328, -0.04652173913043478, -0.10759219088937089, -0.026384083044982687, -0.014860139860139898, -0.05440414507772018, -0.055919615552643076, -0.005637467476149238, -0.04199475065616798, -0.08693752730449972, -0.0750750750750751, -0.06715454154111061, -0.05446623093681918, -0.03986135181975736, -0.12010443864229764, -0.003913043478260936, -0.030289917784508957, -0.009024495058014614, -0.05471124620060791]",-0.04330679543786939,0.03718440339197675,"[-0.060709631919375145, -0.025903958956363632]",2,0,18
paired_comparison,two_palindrome,,,,,,,,,longer_lengths,,,,,,,,,,,,,,,,,,,,,,,,,,,,,,relu_minus_tanh,exact_sequence_accuracy,20,"[0, 1, 2, 3, 4, 5, 6, 7, 8, 9, 10, 11, 12, 13, 14, 15, 16, 17, 18, 19]","[-0.00390625, 0.0078125, 0.0, -0.00390625, 0.0, -0.00390625, 0.00390625, -0.00390625, 0.0, 0.0, -0.0078125, 0.0, -0.0078125, 0.0, 0.0, -0.00390625, -0.015625, -0.00390625, -0.00390625, 0.0]",-0.00234375,0.00480927352539916,"[-0.004594559294291787, -9.294070570821291e-05]",2,8,10
paired_comparison,two_palindrome,,,,,,,,,longer_lengths,,,,,,,,,,,,,,,,,,,,,,,,,,,,,,relu_minus_tanh,readout_feature_rms,20,"[0, 1, 2, 3, 4, 5, 6, 7, 8, 9, 10, 11, 12, 13, 14, 15, 16, 17, 18, 19]","[0.7144362032830041, 0.5717864508773078, 0.6290837472274998, 0.47566983587951917, 0.6054448462970826, 0.6345513226635698, 0.505219801203522, 0.6096723125804039, 0.6160207178651488, 0.458498997376686, 0.6204117857789245, 0.5398074234915892, 0.5372529542027003, 0.5301331705896282, 0.4210994960669001, 0.39012244734820833, 0.5863694328091108, 0.5895293402694743, 0.6445285708386363, 0.5256251873613137]",0.5602632022005115,0.08140764282655823,"[0.5221632525651463, 0.5983631518358767]",20,0,0
paired_comparison,two_palindrome,,,,,,,,,longer_lengths,,,,,,,,,,,,,,,,,,,,,,,,,,,,,,relu_minus_tanh,readout_feature_max_abs,20,"[0, 1, 2, 3, 4, 5, 6, 7, 8, 9, 10, 11, 12, 13, 14, 15, 16, 17, 18, 19]","[11.237862586975098, 17.167633056640625, 15.465766906738281, 11.991850852966309, 18.507368087768555, 10.26659107208252, 16.454240798950195, 13.759265899658203, 12.694650650024414, 9.846927642822266, 9.120737075805664, 13.226466178894043, 11.706816673278809, 14.171586036682129, 7.798493385314941, 12.34900289773941, 10.441716194152832, 11.961845397949219, 10.943340301513672, 9.41850757598877]",12.426533463597298,2.825106181434956,"[11.10434307102502, 13.748723856169576]",20,0,0
paired_comparison,two_palindrome,,,,,,,,,longer_lengths,,,,,,,,,,,,,,,,,,,,,,,,,,,,,,relu_minus_tanh,recurrent_state_rms,20,"[0, 1, 2, 3, 4, 5, 6, 7, 8, 9, 10, 11, 12, 13, 14, 15, 16, 17, 18, 19]","[0.012356712085892618, -0.02373880009303697, 0.009396317424718803, -0.02659152200289361, 0.0003843542516489551, -0.0040299236699986585, -0.010381607504819645, 0.040962304894485824, 0.05183765616053637, -0.003770776211881044, 0.009299500076213163, 0.0337508547999551, 0.02596031735740112, 0.01954827502385137, 0.025400674068648765, 0.0032260144225461085, 0.038053727953296645, 0.007241038120295751, -0.015091087135244985, -0.0013640946679146504]",0.009622496767685052,0.02155849255287994,"[-0.00046718832771925657, 0.01971218186308936]",13,0,7
paired_comparison,two_palindrome,,,,,,,,,longer_lengths,,,,,,,,,,,,,,,,,,,,,,,,,,,,,,relu_minus_tanh,recurrent_state_max_abs,20,"[0, 1, 2, 3, 4, 5, 6, 7, 8, 9, 10, 11, 12, 13, 14, 15, 16, 17, 18, 19]","[0.0, 0.0, 0.0, 0.0, 0.0, 0.0, 0.0, 0.0, 0.0, 0.0, 0.0, 0.0, 0.0, 0.0, 0.0, 0.0, 0.0, 0.0, 0.0, 0.0]",0.0,0.0,"[0.0, 0.0]",0,20,0
paired_comparison,two_palindrome,,,,,,,,,longer_lengths,,,,,,,,,,,,,,,,,,,,,,,,,,,,,,relu_minus_tanh,logit_rms,20,"[0, 1, 2, 3, 4, 5, 6, 7, 8, 9, 10, 11, 12, 13, 14, 15, 16, 17, 18, 19]","[0.09897927967467934, 1.0783340587571901, 0.9582287944383205, 0.28621171270299506, 0.546188708807549, 1.3812781068908504, 0.10214216544541488, 0.3581531312085531, 0.006208425561301745, 0.49809813386242396, 2.4347701817030702, 0.22076341062102367, -0.4770394536289242, 1.377929905696258, 0.016426464427454768, -0.6185458160598101, -0.3655630009890576, 1.2519818415458075, 0.8988867128948317, 0.21448642206006907]",0.513395959281,0.7446431859386834,"[0.16489222062065273, 0.8618996979413474]",17,0,3
paired_comparison,two_palindrome,,,,,,,,,longer_lengths,,,,,,,,,,,,,,,,,,,,,,,,,,,,,,relu_minus_tanh,logit_max_abs,20,"[0, 1, 2, 3, 4, 5, 6, 7, 8, 9, 10, 11, 12, 13, 14, 15, 16, 17, 18, 19]","[7.254171371459961, 9.765002250671387, 8.991511344909668, 5.499729156494141, 2.093764305114746, 6.8541717529296875, 5.82525634765625, 8.469891548156738, 0.5911855697631836, 7.068175315856934, 17.268278121948242, 4.233541488647461, 0.2701120376586914, 23.980731964111328, 3.071500778198242, 9.27900505065918, 7.175394058227539, 13.494813919067383, 13.89699935913086, 8.340778350830078]",8.171200704574584,5.685333039138165,"[5.5103829369733415, 10.832018472175827]",20,0,0
paired_comparison,two_palindrome,,,,,,,,,fixed_block_length_3,,,,,,,,,,,,,,,,,,,,,,,,,,,,,,relu_minus_tanh,token_accuracy,20,"[0, 1, 2, 3, 4, 5, 6, 7, 8, 9, 10, 11, 12, 13, 14, 15, 16, 17, 18, 19]","[-0.00651041666666663, 0.06591796875, -0.01236979166666663, -0.14729817708333326, -0.05289713541666674, -0.01285807291666674, -0.083984375, -0.11246744791666674, -0.02473958333333337, -0.07014973958333337, -0.07796223958333326, -0.11116536458333326, -0.08544921875, -0.09293619791666663, -0.11214192708333326, -0.25732421875, -0.09326171875, -0.068359375, 0.00048828125, -0.06608072916666663]",-0.07107747395833333,0.0666095174981862,"[-0.10225168775204044, -0.039903260164626225]",2,0,18
paired_comparison,two_palindrome,,,,,,,,,fixed_block_length_3,,,,,,,,,,,,,,,,,,,,,,,,,,,,,,relu_minus_tanh,exact_sequence_accuracy,20,"[0, 1, 2, 3, 4, 5, 6, 7, 8, 9, 10, 11, 12, 13, 14, 15, 16, 17, 18, 19]","[-0.001953125, 0.064453125, 0.009765625, -0.1357421875, -0.052734375, -0.0224609375, -0.0546875, -0.1396484375, -0.029296875, -0.0234375, -0.064453125, -0.11328125, -0.095703125, -0.0302734375, -0.1494140625, -0.142578125, -0.12890625, -0.0947265625, 0.00390625, -0.017578125]",-0.0609375,0.06122730855056268,"[-0.0895927624678671, -0.03228223753213289]",3,0,17
paired_comparison,two_palindrome,,,,,,,,,fixed_block_length_3,,,,,,,,,,,,,,,,,,,,,,,,,,,,,,relu_minus_tanh,readout_feature_rms,20,"[0, 1, 2, 3, 4, 5, 6, 7, 8, 9, 10, 11, 12, 13, 14, 15, 16, 17, 18, 19]","[0.6631423219803748, 0.6134280595411213, 0.6471638972710132, 0.48945769136482975, 0.6308629611556065, 0.6026384743946033, 0.5403091084575158, 0.5975574438049932, 0.6535828578424329, 0.4553972966601395, 0.5955429928303467, 0.5395457574365425, 0.5337308886659641, 0.548140658095718, 0.44839011650909444, 0.45271226354004024, 0.5817669920866125, 0.618755980664177, 0.6157843827644759, 0.5496304378010557]",0.5688770291433328,0.06745497575861044,"[0.537307128703722, 0.6004469295829437]",20,0,0
paired_comparison,two_palindrome,,,,,,,,,fixed_block_length_3,,,,,,,,,,,,,,,,,,,,,,,,,,,,,,relu_minus_tanh,readout_feature_max_abs,20,"[0, 1, 2, 3, 4, 5, 6, 7, 8, 9, 10, 11, 12, 13, 14, 15, 16, 17, 18, 19]","[11.292899131774902, 17.27339744567871, 15.323259353637695, 11.815613746643066, 18.36878776550293, 10.324737548828125, 16.58544921875, 13.733077049255371, 12.939441680908203, 10.421233177185059, 9.261409759521484, 13.467060089111328, 11.899944305419922, 15.68789291381836, 7.800504684448242, 12.7866792678833, 10.448177337646484, 12.197282791137695, 10.86739730834961, 9.52730941772461]",12.601077699661255,2.849701618826666,"[11.267376288057504, 13.934779111265007]",20,0,0
paired_comparison,two_palindrome,,,,,,,,,fixed_block_length_3,,,,,,,,,,,,,,,,,,,,,,,,,,,,,,relu_minus_tanh,recurrent_state_rms,20,"[0, 1, 2, 3, 4, 5, 6, 7, 8, 9, 10, 11, 12, 13, 14, 15, 16, 17, 18, 19]","[0.012356794395132376, -0.017099854902129397, 0.010032998515506986, -0.027062372139958102, 0.001283520243756997, 0.0010522610561548573, -0.010239733131028217, 0.039069115316966885, 0.049891309035828835, -0.005757004728987103, 0.012966538249775672, 0.029998550591142203, 0.022263582876284604, 0.021384417131281475, 0.027026330343915772, 0.00039012772539137597, 0.03649852860151004, 0.007729398275791333, -0.016933415353576176, -0.0019603142196825685]",0.009644538894153893,0.020529982083116086,"[3.621151575087557e-05, 0.019252866272556908]",14,0,6
paired_comparison,two_palindrome,,,,,,,,,fixed_block_length_3,,,,,,,,,,,,,,,,,,,,,,,,,,,,,,relu_minus_tanh,recurrent_state_max_abs,20,"[0, 1, 2, 3, 4, 5, 6, 7, 8, 9, 10, 11, 12, 13, 14, 15, 16, 17, 18, 19]","[0.0, 0.0, 0.0, 0.0, 0.0, 0.0, 0.0, 0.0, 0.0, 0.0, 0.0, 0.0, 0.0, 0.0, 0.0, 0.0, 0.0, 0.0, 0.0, 0.0]",0.0,0.0,"[0.0, 0.0]",0,20,0
paired_comparison,two_palindrome,,,,,,,,,fixed_block_length_3,,,,,,,,,,,,,,,,,,,,,,,,,,,,,,relu_minus_tanh,logit_rms,20,"[0, 1, 2, 3, 4, 5, 6, 7, 8, 9, 10, 11, 12, 13, 14, 15, 16, 17, 18, 19]","[-0.029065219463441316, 0.9852019836975359, 0.93213353598816, 0.06484426364548801, 0.4301760770771881, 1.0859825435638042, -0.17553832841061556, 0.46822230410466714, 0.10952872238669098, 0.35176184960103507, 2.1787598141604176, 0.06091854291483623, -0.4225726640913159, 1.2689740044737055, 0.1443723139298969, -0.6934859655050083, -0.08951357039935459, 1.1474358424386022, 0.7046501736611575, 0.2883752506044992]",0.44055807371889744,0.6750654354375628,"[0.1246177246592361, 0.7564984227785587]",15,0,5
paired_comparison,two_palindrome,,,,,,,,,fixed_block_length_3,,,,,,,,,,,,,,,,,,,,,,,,,,,,,,relu_minus_tanh,logit_max_abs,20,"[0, 1, 2, 3, 4, 5, 6, 7, 8, 9, 10, 11, 12, 13, 14, 15, 16, 17, 18, 19]","[6.411195755004883, 9.882219314575195, 8.08211612701416, 6.290881156921387, 2.294292449951172, 5.962629318237305, 4.679804801940918, 8.252298355102539, 1.2642021179199219, 7.245423316955566, 17.141606330871582, 3.5979137420654297, 0.20732975006103516, 24.42903709411621, 2.7276878356933594, 9.330900192260742, 6.998632431030273, 13.1469087600708, 13.588261604309082, 8.05137825012207]",7.9792359352111815,5.73355555990218,"[5.295849333178586, 10.662622537243777]",20,0,0
paired_comparison,two_palindrome,,,,,,,,,fixed_block_length_4,,,,,,,,,,,,,,,,,,,,,,,,,,,,,,relu_minus_tanh,token_accuracy,20,"[0, 1, 2, 3, 4, 5, 6, 7, 8, 9, 10, 11, 12, 13, 14, 15, 16, 17, 18, 19]","[-0.00634765625, 0.036376953125, -0.0400390625, -0.1279296875, -0.0401611328125, 0.003173828125, -0.0771484375, -0.061767578125, -0.01513671875, -0.05908203125, -0.0614013671875, -0.0709228515625, -0.0709228515625, -0.0517578125, -0.0760498046875, -0.13818359375, -0.039306640625, -0.0390625, 0.0103759765625, -0.0494384765625]",-0.048736572265625,0.04226958773135717,"[-0.06851934827725231, -0.02895379625399769]",3,0,17
paired_comparison,two_palindrome,,,,,,,,,fixed_block_length_4,,,,,,,,,,,,,,,,,,,,,,,,,,,,,,relu_minus_tanh,exact_sequence_accuracy,20,"[0, 1, 2, 3, 4, 5, 6, 7, 8, 9, 10, 11, 12, 13, 14, 15, 16, 17, 18, 19]","[-0.005859375, 0.0048828125, 0.0029296875, -0.0068359375, -0.0029296875, -0.00390625, -0.0126953125, -0.0078125, -0.00390625, -0.0009765625, -0.0068359375, -0.0068359375, -0.0087890625, -0.0048828125, -0.017578125, -0.00390625, -0.0078125, -0.0029296875, 0.0, -0.00390625]",-0.005029296875,0.004992346678517151,"[-0.007365787042379387, -0.002692806707620614]",2,1,17
paired_comparison,two_palindrome,,,,,,,,,fixed_block_length_4,,,,,,,,,,,,,,,,,,,,,,,,,,,,,,relu_minus_tanh,readout_feature_rms,20,"[0, 1, 2, 3, 4, 5, 6, 7, 8, 9, 10, 11, 12, 13, 14, 15, 16, 17, 18, 19]","[0.6562953771642313, 0.6090523486839834, 0.6502043174946115, 0.4903730936247852, 0.6275831501931237, 0.6086138366991362, 0.5295394904723582, 0.6176853934590107, 0.644822257199618, 0.4734288452218376, 0.617489061269335, 0.5553892229798255, 0.5437491800727461, 0.5454052839153466, 0.4421747943261778, 0.42041248646708695, 0.5954321541765382, 0.6145130276013924, 0.6160167671539335, 0.5591599528159399]",0.5708670020495509,0.06985470958233736,"[0.5381739916088671, 0.6035600124902346]",20,0,0
paired_comparison,two_palindrome,,,,,,,,,fixed_block_length_4,,,,,,,,,,,,,,,,,,,,,,,,,,,,,,relu_minus_tanh,readout_feature_max_abs,20,"[0, 1, 2, 3, 4, 5, 6, 7, 8, 9, 10, 11, 12, 13, 14, 15, 16, 17, 18, 19]","[11.291960716247559, 17.629825592041016, 15.732540130615234, 11.868918418884277, 18.515501022338867, 10.351275444030762, 17.00816535949707, 13.759531021118164, 12.86402416229248, 10.826934814453125, 9.2947359085083, 13.732038497924805, 12.029242515563965, 15.485536575317383, 7.804673194885254, 12.787481307983398, 10.465434074401855, 12.107340812683105, 10.9439697265625, 9.496476173400879]",12.6997802734375,2.9223292120183113,"[11.33208810191659, 14.067472444958412]",20,0,0
paired_comparison,two_palindrome,,,,,,,,,fixed_block_length_4,,,,,,,,,,,,,,,,,,,,,,,,,,,,,,relu_minus_tanh,recurrent_state_rms,20,"[0, 1, 2, 3, 4, 5, 6, 7, 8, 9, 10, 11, 12, 13, 14, 15, 16, 17, 18, 19]","[0.012793267031793176, -0.01950488094242442, 0.00825405286078007, -0.02728851050320491, -0.00028173655343699533, -0.0016209261192641211, -0.010531122733454468, 0.03949088047432636, 0.05416216543558605, -0.004034189121435827, 0.01122989735987523, 0.03238210174071232, 0.022822914372572334, 0.02171307339400763, 0.026836102736811362, 0.002263142400862672, 0.0378406897545952, 0.007974483553620182, -0.016333114944475424, 0.0009902809529406253]",0.009957928557539353,0.021339687562987916,"[-2.9352650399331465e-05, 0.019945209765478037]",13,0,7
paired_comparison,two_palindrome,,,,,,,,,fixed_block_length_4,,,,,,,,,,,,,,,,,,,,,,,,,,,,,,relu_minus_tanh,recurrent_state_max_abs,20,"[0, 1, 2, 3, 4, 5, 6, 7, 8, 9, 10, 11, 12, 13, 14, 15, 16, 17, 18, 19]","[0.0, 0.0, 0.0, 0.0, 0.0, 0.0, 0.0, 0.0, 0.0, 0.0, 0.0, 0.0, 0.0, 0.0, 0.0, 0.0, 0.0, 0.0, 0.0, 0.0]",0.0,0.0,"[0.0, 0.0]",0,20,0
paired_comparison,two_palindrome,,,,,,,,,fixed_block_length_4,,,,,,,,,,,,,,,,,,,,,,,,,,,,,,relu_minus_tanh,logit_rms,20,"[0, 1, 2, 3, 4, 5, 6, 7, 8, 9, 10, 11, 12, 13, 14, 15, 16, 17, 18, 19]","[0.018669625454659222, 1.013134285751934, 0.9169418382803176, 0.23639932364379845, 0.5881498004996413, 1.254450510542298, 0.04423820539072665, 0.46482192048996396, 0.08464391697033591, 0.4257432571553128, 2.410127786462805, 0.28684849388986944, -0.47397014559236617, 1.2667459284580094, 0.10219532269784315, -0.5837969994152252, -0.22368534766496362, 1.2798765713173, 0.7324715221414007, 0.2953392055597015]",0.5069672511016681,0.7068297673589812,"[0.17616073709253788, 0.8377737651107983]",17,0,3
paired_comparison,two_palindrome,,,,,,,,,fixed_block_length_4,,,,,,,,,,,,,,,,,,,,,,,,,,,,,,relu_minus_tanh,logit_max_abs,20,"[0, 1, 2, 3, 4, 5, 6, 7, 8, 9, 10, 11, 12, 13, 14, 15, 16, 17, 18, 19]","[6.217033386230469, 9.454276084899902, 8.530379295349121, 6.293623924255371, 2.1535720825195312, 6.1964569091796875, 5.958215713500977, 8.671436309814453, 2.861626625061035, 7.4481201171875, 16.9766902923584, 4.132965087890625, 0.3999919891357422, 24.79123878479004, 2.7306880950927734, 9.332691192626953, 7.553661346435547, 13.498359680175781, 14.069517135620117, 8.215006828308105]",8.274277544021606,5.65611873065957,"[5.627132493661886, 10.921422594381326]",20,0,0
paired_comparison,two_palindrome,,,,,,,,,stress_fixed_block_length_6,,,,,,,,,,,,,,,,,,,,,,,,,,,,,,relu_minus_tanh,token_accuracy,20,"[0, 1, 2, 3, 4, 5, 6, 7, 8, 9, 10, 11, 12, 13, 14, 15, 16, 17, 18, 19]","[-0.011067708333333315, 0.009440104166666685, -0.03662109375, -0.07633463541666669, -0.029296875, -0.0166015625, -0.030924479166666685, -0.034993489583333315, 0.00651041666666663, -0.04475911458333337, -0.04052734375, -0.06494140625, -0.040364583333333315, -0.048665364583333315, -0.04736328125, -0.06608072916666669, -0.01057942708333337, -0.027180989583333315, -0.01123046875, -0.026692708333333315]",-0.03241373697916667,0.022808125455487164,"[-0.04308826827572518, -0.021739205682608162]",2,0,18
paired_comparison,two_palindrome,,,,,,,,,stress_fixed_block_length_6,,,,,,,,,,,,,,,,,,,,,,,,,,,,,,relu_minus_tanh,exact_sequence_accuracy,20,"[0, 1, 2, 3, 4, 5, 6, 7, 8, 9, 10, 11, 12, 13, 14, 15, 16, 17, 18, 19]","[0.0, 0.0, 0.0, 0.0, 0.0, 0.0, 0.0, 0.0, 0.0, 0.0, 0.0, 0.0, 0.0, 0.0, 0.0, 0.0, 0.0, 0.0, 0.0, 0.0]",0.0,0.0,"[0.0, 0.0]",0,20,0
paired_comparison,two_palindrome,,,,,,,,,stress_fixed_block_length_6,,,,,,,,,,,,,,,,,,,,,,,,,,,,,,relu_minus_tanh,readout_feature_rms,20,"[0, 1, 2, 3, 4, 5, 6, 7, 8, 9, 10, 11, 12, 13, 14, 15, 16, 17, 18, 19]","[0.6494073121509412, 0.5883523686247493, 0.6496049415675639, 0.47935502761570203, 0.6199063824872807, 0.6216970689940573, 0.5104776082397882, 0.6276038985433373, 0.6173233188611749, 0.4857848320028789, 0.6318649187026268, 0.5605134952475954, 0.551012862838197, 0.5324279274852844, 0.43270830306591757, 0.38016737516043797, 0.5958296593173279, 0.6032068095999059, 0.6135786962626109, 0.5589400570315016]",0.565488143189944,0.07487212208796977,"[0.5304469114136822, 0.6005293749662058]",20,0,0
paired_comparison,two_palindrome,,,,,,,,,stress_fixed_block_length_6,,,,,,,,,,,,,,,,,,,,,,,,,,,,,,relu_minus_tanh,readout_feature_max_abs,20,"[0, 1, 2, 3, 4, 5, 6, 7, 8, 9, 10, 11, 12, 13, 14, 15, 16, 17, 18, 19]","[11.185626983642578, 17.547082901000977, 15.772537231445312, 11.827866554260254, 18.471324920654297, 10.273449897766113, 16.51335334777832, 13.709920883178711, 12.68572998046875, 10.425116539001465, 9.296504020690918, 13.632124900817871, 11.63741397857666, 17.479402542114258, 7.8138532638549805, 12.596304953098297, 10.09047794342041, 11.714573860168457, 10.9384183883667, 9.092266082763672]",12.63516745865345,3.0783368700504568,"[11.194461455661951, 14.07587346164495]",20,0,0
paired_comparison,two_palindrome,,,,,,,,,stress_fixed_block_length_6,,,,,,,,,,,,,,,,,,,,,,,,,,,,,,relu_minus_tanh,recurrent_state_rms,20,"[0, 1, 2, 3, 4, 5, 6, 7, 8, 9, 10, 11, 12, 13, 14, 15, 16, 17, 18, 19]","[0.013102424818394742, -0.02314205153680282, 0.00666373705034351, -0.02560412712552529, 0.002378597277642558, -0.003863629255556611, -0.009799921981307858, 0.03962678331184777, 0.05741861311583807, -0.0013770208430127218, 0.007712001118586276, 0.03371410687249565, 0.022414585273862198, 0.02285905106110886, 0.026066101291396637, 0.0033322861716875707, 0.03473772907341999, 0.007209500456315854, -0.015393704289615728, 0.0015690203130421798]",0.009981204108708041,0.021533500764975597,"[-9.678446991489079e-05, 0.020059192687330973]",14,0,6
paired_comparison,two_palindrome,,,,,,,,,stress_fixed_block_length_6,,,,,,,,,,,,,,,,,,,,,,,,,,,,,,relu_minus_tanh,recurrent_state_max_abs,20,"[0, 1, 2, 3, 4, 5, 6, 7, 8, 9, 10, 11, 12, 13, 14, 15, 16, 17, 18, 19]","[0.0, 0.0, 0.0, 0.0, 0.0, 0.0, 0.0, 0.0, 0.0, 0.0, 0.0, 0.0, 0.0, 0.0, 0.0, 0.0, 0.0, 0.0, 0.0, 0.0]",0.0,0.0,"[0.0, 0.0]",0,20,0
paired_comparison,two_palindrome,,,,,,,,,stress_fixed_block_length_6,,,,,,,,,,,,,,,,,,,,,,,,,,,,,,relu_minus_tanh,logit_rms,20,"[0, 1, 2, 3, 4, 5, 6, 7, 8, 9, 10, 11, 12, 13, 14, 15, 16, 17, 18, 19]","[0.1081948148265659, 1.1469102098714608, 0.9652968756429416, 0.39830799096714653, 0.8536146093046848, 1.5409459544412845, 0.35227337423493665, 0.41420612576943405, -0.00352353771686742, 0.5161248500710061, 2.625783234136634, 0.42878095593266385, -0.5146974084044271, 1.2855273101771743, 0.014506511013554935, -0.4552821347020526, -0.5461489933763999, 1.3423930828590098, 0.8472642294924451, 0.2321320397045752]",0.5776305047122885,0.7774880617841975,"[0.213754890979228, 0.941506118445349]",16,0,4
paired_comparison,two_palindrome,,,,,,,,,stress_fixed_block_length_6,,,,,,,,,,,,,,,,,,,,,,,,,,,,,,relu_minus_tanh,logit_max_abs,20,"[0, 1, 2, 3, 4, 5, 6, 7, 8, 9, 10, 11, 12, 13, 14, 15, 16, 17, 18, 19]","[7.142979621887207, 10.056906700134277, 8.497891426086426, 6.017670631408691, 2.69632625579834, 7.402482986450195, 5.401827812194824, 6.948485374450684, 0.17914962768554688, 6.3739824295043945, 17.23773765563965, 5.025823593139648, 0.37901878356933594, 31.88056468963623, 2.543264389038086, 9.277042388916016, 6.691628456115723, 13.598549842834473, 14.004417419433594, 8.871084213256836]",8.51134171485901,6.988267330108375,"[5.240731928467605, 11.781951501250413]",20,0,0
